{
  "recipes": [
		{	"id": "skill.markers.mark.object.weather.rain",	"reqs":{"weather.rain":1},	"mutations":[{"filter":"skill","mutate":"skill.markers.weather.rain","level":1}], "linked":[{"id":"skill.markers.mark.object.remove_memory"}] },
		{	"id": "skill.markers.mark.object.weather.snow",	"reqs":{"weather.snow":1},	"mutations":[{"filter":"skill","mutate":"skill.markers.weather.snow","level":1}], "linked":[{"id":"skill.markers.mark.object.remove_memory"}] },
		{	"id": "skill.markers.mark.object.weather.fog",	"reqs":{"weather.fog":1},	"mutations":[{"filter":"skill","mutate":"skill.markers.weather.fog","level":1}], "linked":[{"id":"skill.markers.mark.object.remove_memory"}] },
		{	"id": "skill.markers.mark.object.weather.numa",	"reqs":{"weather.numa":1},	"mutations":[{"filter":"skill","mutate":"skill.markers.weather.numa","level":1}], "linked":[{"id":"skill.markers.mark.object.remove_memory"}] },
		{	"id": "skill.markers.mark.object.weather.hail",	"reqs":{"weather.hail":1},	"mutations":[{"filter":"skill","mutate":"skill.markers.weather.hail","level":1}], "linked":[{"id":"skill.markers.mark.object.remove_memory"}] },
		{	"id": "skill.markers.mark.object.weather.gale",	"reqs":{"weather.gale":1},	"mutations":[{"filter":"skill","mutate":"skill.markers.weather.gale","level":1}], "linked":[{"id":"skill.markers.mark.object.remove_memory"}] },
		{	"id": "skill.markers.mark.object.weather.sunny",	"reqs":{"weather.sunny":1},	"mutations":[{"filter":"skill","mutate":"skill.markers.weather.sunny","level":1}], "linked":[{"id":"skill.markers.mark.object.remove_memory"}] },
		{	"id": "skill.markers.mark.object.weather.clouds",	"reqs":{"weather.clouds":1},	"mutations":[{"filter":"skill","mutate":"skill.markers.weather.clouds","level":1}], "linked":[{"id":"skill.markers.mark.object.remove_memory"}] },
		{	"id": "skill.markers.mark.object.weather.earthquake",	"reqs":{"weather.earthquake":1},	"mutations":[{"filter":"skill","mutate":"skill.markers.weather.earthquake","level":1}], "linked":[{"id":"skill.markers.mark.object.remove_memory"}] },
		{	"id": "skill.markers.mark.object.weather.storm",	"reqs":{"weather.storm":1},	"mutations":[{"filter":"skill","mutate":"skill.markers.weather.storm","level":1}], "linked":[{"id":"skill.markers.mark.object.remove_memory"}] },
		{	"id": "skill.markers.mark.object.earthsign",	"reqs":{"earthsign":1},	"mutations":[{"filter":"skill","mutate":"skill.markers.earthsign","level":1}], "linked":[{"id":"skill.markers.mark.object.remove_memory"}] },
		{	"id": "skill.markers.mark.object.ascendant.harmony",	"reqs":{"ascendant.harmony":1},	"mutations":[{"filter":"skill","mutate":"skill.markers.ascendant.harmony","level":1}], "linked":[{"id":"skill.markers.mark.object.remove_memory"}] },
		{	"id": "skill.markers.mark.object.music.beguiling",	"reqs":{"music.beguiling":1},	"mutations":[{"filter":"skill","mutate":"skill.markers.music.beguiling","level":1}], "linked":[{"id":"skill.markers.mark.object.remove_memory"}] },
		{	"id": "skill.markers.mark.object.bittersweet.certainty",	"reqs":{"bittersweet.certainty":1},	"mutations":[{"filter":"skill","mutate":"skill.markers.bittersweet.certainty","level":1}], "linked":[{"id":"skill.markers.mark.object.remove_memory"}] },
		{	"id": "skill.markers.mark.object.music.cheerful",	"reqs":{"music.cheerful":1},	"mutations":[{"filter":"skill","mutate":"skill.markers.music.cheerful","level":1}], "linked":[{"id":"skill.markers.mark.object.remove_memory"}] },
		{	"id": "skill.markers.mark.object.confounding.parable",	"reqs":{"confounding.parable":1},	"mutations":[{"filter":"skill","mutate":"skill.markers.confounding.parable","level":1}], "linked":[{"id":"skill.markers.mark.object.remove_memory"}] },
		{	"id": "skill.markers.mark.object.curious.hunch",	"reqs":{"curious.hunch":1},	"mutations":[{"filter":"skill","mutate":"skill.markers.curious.hunch","level":1}], "linked":[{"id":"skill.markers.mark.object.remove_memory"}] },
		{	"id": "skill.markers.mark.object.enduring.reflection",	"reqs":{"enduring.reflection":1},	"mutations":[{"filter":"skill","mutate":"skill.markers.enduring.reflection","level":1}], "linked":[{"id":"skill.markers.mark.object.remove_memory"}] },
		{	"id": "skill.markers.mark.object.music.hive",	"reqs":{"music.hive":1},	"mutations":[{"filter":"skill","mutate":"skill.markers.music.hive","level":1}], "linked":[{"id":"skill.markers.mark.object.remove_memory"}] },
		{	"id": "skill.markers.mark.object.mem.dreamt",	"reqs":{"mem.dreamt":1},	"mutations":[{"filter":"skill","mutate":"skill.markers.mem.dreamt","level":1}], "linked":[{"id":"skill.markers.mark.object.remove_memory"}] },
		{	"id": "skill.markers.mark.object.mem.contradiction",	"reqs":{"mem.contradiction":1},	"mutations":[{"filter":"skill","mutate":"skill.markers.mem.contradiction","level":1}], "linked":[{"id":"skill.markers.mark.object.remove_memory"}] },
		{	"id": "skill.markers.mark.object.mem.fear",	"reqs":{"mem.fear":1},	"mutations":[{"filter":"skill","mutate":"skill.markers.mem.fear","level":1}], "linked":[{"id":"skill.markers.mark.object.remove_memory"}] },
		{	"id": "skill.markers.mark.object.mem.foresight",	"reqs":{"mem.foresight":1},	"mutations":[{"filter":"skill","mutate":"skill.markers.mem.foresight","level":1}], "linked":[{"id":"skill.markers.mark.object.remove_memory"}] },
		{	"id": "skill.markers.mark.object.mem.gossip",	"reqs":{"mem.gossip":1},	"mutations":[{"filter":"skill","mutate":"skill.markers.mem.gossip","level":1}], "linked":[{"id":"skill.markers.mark.object.remove_memory"}] },
		{	"id": "skill.markers.mark.object.mem.hindsight",	"reqs":{"mem.hindsight":1},	"mutations":[{"filter":"skill","mutate":"skill.markers.mem.hindsight","level":1}], "linked":[{"id":"skill.markers.mark.object.remove_memory"}] },
		{	"id": "skill.markers.mark.object.mem.impulse",	"reqs":{"mem.impulse":1},	"mutations":[{"filter":"skill","mutate":"skill.markers.mem.impulse","level":1}], "linked":[{"id":"skill.markers.mark.object.remove_memory"}] },
		{	"id": "skill.markers.mark.object.mem.intuition",	"reqs":{"mem.intuition":1},	"mutations":[{"filter":"skill","mutate":"skill.markers.mem.intuition","level":1}], "linked":[{"id":"skill.markers.mark.object.remove_memory"}] },
		{	"id": "skill.markers.mark.object.mem.loss",	"reqs":{"mem.loss":1},	"mutations":[{"filter":"skill","mutate":"skill.markers.mem.loss","level":1}], "linked":[{"id":"skill.markers.mark.object.remove_memory"}] },
		{	"id": "skill.markers.mark.object.mem.pattern",	"reqs":{"mem.pattern":1},	"mutations":[{"filter":"skill","mutate":"skill.markers.mem.pattern","level":1}], "linked":[{"id":"skill.markers.mark.object.remove_memory"}] },
		{	"id": "skill.markers.mark.object.mem.regret",	"reqs":{"mem.regret":1},	"mutations":[{"filter":"skill","mutate":"skill.markers.mem.regret","level":1}], "linked":[{"id":"skill.markers.mark.object.remove_memory"}] },
		{	"id": "skill.markers.mark.object.mem.revelation",	"reqs":{"mem.revelation":1},	"mutations":[{"filter":"skill","mutate":"skill.markers.mem.revelation","level":1}], "linked":[{"id":"skill.markers.mark.object.remove_memory"}] },
		{	"id": "skill.markers.mark.object.mem.salt",	"reqs":{"mem.salt":1},	"mutations":[{"filter":"skill","mutate":"skill.markers.mem.salt","level":1}], "linked":[{"id":"skill.markers.mark.object.remove_memory"}] },
		{	"id": "skill.markers.mark.object.mem.satisfaction",	"reqs":{"mem.satisfaction":1},	"mutations":[{"filter":"skill","mutate":"skill.markers.mem.satisfaction","level":1}], "linked":[{"id":"skill.markers.mark.object.remove_memory"}] },
		{	"id": "skill.markers.mark.object.mem.scent",	"reqs":{"mem.scent":1},	"mutations":[{"filter":"skill","mutate":"skill.markers.mem.scent","level":1}], "linked":[{"id":"skill.markers.mark.object.remove_memory"}] },
		{	"id": "skill.markers.mark.object.mem.sight",	"reqs":{"mem.sight":1},	"mutations":[{"filter":"skill","mutate":"skill.markers.mem.sight","level":1}], "linked":[{"id":"skill.markers.mark.object.remove_memory"}] },
		{	"id": "skill.markers.mark.object.mem.solace",	"reqs":{"mem.solace":1},	"mutations":[{"filter":"skill","mutate":"skill.markers.mem.solace","level":1}], "linked":[{"id":"skill.markers.mark.object.remove_memory"}] },
		{	"id": "skill.markers.mark.object.mem.sound",	"reqs":{"mem.sound":1},	"mutations":[{"filter":"skill","mutate":"skill.markers.mem.sound","level":1}], "linked":[{"id":"skill.markers.mark.object.remove_memory"}] },
		{	"id": "skill.markers.mark.object.mem.storm",	"reqs":{"mem.storm":1},	"mutations":[{"filter":"skill","mutate":"skill.markers.mem.storm","level":1}], "linked":[{"id":"skill.markers.mark.object.remove_memory"}] },
		{	"id": "skill.markers.mark.object.mem.taste",	"reqs":{"mem.taste":1},	"mutations":[{"filter":"skill","mutate":"skill.markers.mem.taste","level":1}], "linked":[{"id":"skill.markers.mark.object.remove_memory"}] },
		{	"id": "skill.markers.mark.object.mem.touch",	"reqs":{"mem.touch":1},	"mutations":[{"filter":"skill","mutate":"skill.markers.mem.touch","level":1}], "linked":[{"id":"skill.markers.mark.object.remove_memory"}] },
		{	"id": "skill.markers.mark.object.riddle.nameday",	"reqs":{"riddle.nameday":1},	"mutations":[{"filter":"skill","mutate":"skill.markers.riddle.nameday","level":1}], "linked":[{"id":"skill.markers.mark.object.remove_memory"}] },
		{	"id": "skill.markers.mark.object.old.moment",	"reqs":{"old.moment":1},	"mutations":[{"filter":"skill","mutate":"skill.markers.old.moment","level":1}], "linked":[{"id":"skill.markers.mark.object.remove_memory"}] },
		{	"id": "skill.markers.mark.object.music.savage",	"reqs":{"music.savage":1},	"mutations":[{"filter":"skill","mutate":"skill.markers.music.savage","level":1}], "linked":[{"id":"skill.markers.mark.object.remove_memory"}] },
		{	"id": "skill.markers.mark.object.secret.threshold",	"reqs":{"secret.threshold":1},	"mutations":[{"filter":"skill","mutate":"skill.markers.secret.threshold","level":1}], "linked":[{"id":"skill.markers.mark.object.remove_memory"}] },
		{	"id": "skill.markers.mark.object.music.thunderskin",	"reqs":{"music.thunderskin":1},	"mutations":[{"filter":"skill","mutate":"skill.markers.music.thunderskin","level":1}], "linked":[{"id":"skill.markers.mark.object.remove_memory"}] },
		{	"id": "skill.markers.mark.object.torgues.cleansing",	"reqs":{"torgues.cleansing":1},	"mutations":[{"filter":"skill","mutate":"skill.markers.torgues.cleansing","level":1}], "linked":[{"id":"skill.markers.mark.object.remove_memory"}] },
		{	"id": "skill.markers.mark.object.wild.surmise",	"reqs":{"wild.surmise":1},	"mutations":[{"filter":"skill","mutate":"skill.markers.wild.surmise","level":1}], "linked":[{"id":"skill.markers.mark.object.remove_memory"}] },
		{	"id": "skill.markers.mark.object.windrumour",	"reqs":{"windrumour":1},	"mutations":[{"filter":"skill","mutate":"skill.markers.windrumour","level":1}], "linked":[{"id":"skill.markers.mark.object.remove_memory"}] },
		{	"id": "skill.markers.mark.object.winning.move",	"reqs":{"winning.move":1},	"mutations":[{"filter":"skill","mutate":"skill.markers.winning.move","level":1}], "linked":[{"id":"skill.markers.mark.object.remove_memory"}] },
		{	"id": "skill.markers.mark.object.music.wistful",	"reqs":{"music.wistful":1},	"mutations":[{"filter":"skill","mutate":"skill.markers.music.wistful","level":1}], "linked":[{"id":"skill.markers.mark.object.remove_memory"}] },
		{	"id": "skill.markers.mark.object.wormwood.dream",	"reqs":{"wormwood.dream":1},	"mutations":[{"filter":"skill","mutate":"skill.markers.wormwood.dream","level":1}], "linked":[{"id":"skill.markers.mark.object.remove_memory"}] },
		{	"id": "skill.markers.mark.object.didumos",	"reqs":{"didumos":1},	"mutations":[{"filter":"skill","mutate":"skill.markers.didumos","level":1}], "linked":[{"id":"skill.markers.mark.object.remove_memory"}] },
		{	"id": "skill.markers.mark.object.name.earthquake",	"reqs":{"name.earthquake":1},	"mutations":[{"filter":"skill","mutate":"skill.markers.name.earthquake","level":1}], "linked":[{"id":"skill.markers.mark.object.remove_memory"}] },
		{	"id": "skill.markers.mark.object.forbidden.epic",	"reqs":{"forbidden.epic":1},	"mutations":[{"filter":"skill","mutate":"skill.markers.forbidden.epic","level":1}], "linked":[{"id":"skill.markers.mark.object.remove_memory"}] },
		{	"id": "skill.markers.mark.object.horizonsight",	"reqs":{"horizonsight":1},	"mutations":[{"filter":"skill","mutate":"skill.markers.horizonsight","level":1}], "linked":[{"id":"skill.markers.mark.object.remove_memory"}] },
		{	"id": "skill.markers.mark.object.invincible.audacity",	"reqs":{"invincible.audacity":1},	"mutations":[{"filter":"skill","mutate":"skill.markers.invincible.audacity","level":1}], "linked":[{"id":"skill.markers.mark.object.remove_memory"}] },
		{	"id": "skill.markers.mark.object.occult.scrap",	"reqs":{"occult.scrap":1},	"mutations":[{"filter":"skill","mutate":"skill.markers.occult.scrap","level":1}], "linked":[{"id":"skill.markers.mark.object.remove_memory"}] },
		{	"id": "skill.markers.mark.object.old.wound",	"reqs":{"old.wound":1},	"mutations":[{"filter":"skill","mutate":"skill.markers.old.wound","level":1}], "linked":[{"id":"skill.markers.mark.object.remove_memory"}] },
		{	"id": "skill.markers.mark.object.windinwaiting",	"reqs":{"windinwaiting":1},	"mutations":[{"filter":"skill","mutate":"skill.markers.windinwaiting","level":1}], "linked":[{"id":"skill.markers.mark.object.remove_memory"}] },
		{	"id": "skill.markers.mark.object.numen.unde",	"reqs":{"numen.unde":1},	"mutations":[{"filter":"skill","mutate":"skill.markers.numen.unde","level":1}], "linked":[{"id":"skill.markers.mark.object.remove_memory"}] },
		{	"id": "skill.markers.mark.object.numen.feas",	"reqs":{"numen.feas":1},	"mutations":[{"filter":"skill","mutate":"skill.markers.numen.feas","level":1}], "linked":[{"id":"skill.markers.mark.object.remove_memory"}] },
		{	"id": "skill.markers.mark.object.numen.bala",	"reqs":{"numen.bala":1},	"mutations":[{"filter":"skill","mutate":"skill.markers.numen.bala","level":1}], "linked":[{"id":"skill.markers.mark.object.remove_memory"}] },
		{	"id": "skill.markers.mark.object.numen.conf",	"reqs":{"numen.conf":1},	"mutations":[{"filter":"skill","mutate":"skill.markers.numen.conf","level":1}], "linked":[{"id":"skill.markers.mark.object.remove_memory"}] },
		{	"id": "skill.markers.mark.object.numen.loop",	"reqs":{"numen.loop":1},	"mutations":[{"filter":"skill","mutate":"skill.markers.numen.loop","level":1}], "linked":[{"id":"skill.markers.mark.object.remove_memory"}] },
		{	"id": "skill.markers.mark.object.numen.alte",	"reqs":{"numen.alte":1},	"mutations":[{"filter":"skill","mutate":"skill.markers.numen.alte","level":1}], "linked":[{"id":"skill.markers.mark.object.remove_memory"}] },
		{	"id": "skill.markers.mark.object.numen.oldl",	"reqs":{"numen.oldl":1},	"mutations":[{"filter":"skill","mutate":"skill.markers.numen.oldl","level":1}], "linked":[{"id":"skill.markers.mark.object.remove_memory"}] },
		{	"id": "skill.markers.mark.object.numen.bell",	"reqs":{"numen.bell":1},	"mutations":[{"filter":"skill","mutate":"skill.markers.numen.bell","level":1}], "linked":[{"id":"skill.markers.mark.object.remove_memory"}] },
		{	"id": "skill.markers.mark.object.numen.secr",	"reqs":{"numen.secr":1},	"mutations":[{"filter":"skill","mutate":"skill.markers.numen.secr","level":1}], "linked":[{"id":"skill.markers.mark.object.remove_memory"}] },
		{	"id": "skill.markers.mark.object.numen.asce",	"reqs":{"numen.asce":1},	"mutations":[{"filter":"skill","mutate":"skill.markers.numen.asce","level":1}], "linked":[{"id":"skill.markers.mark.object.remove_memory"}] },
		{	"id": "skill.markers.mark.object.numen.desc",	"reqs":{"numen.desc":1},	"mutations":[{"filter":"skill","mutate":"skill.markers.numen.desc","level":1}], "linked":[{"id":"skill.markers.mark.object.remove_memory"}] },
		{	"id": "skill.markers.mark.object.numen.thre",	"reqs":{"numen.thre":1},	"mutations":[{"filter":"skill","mutate":"skill.markers.numen.thre","level":1}], "linked":[{"id":"skill.markers.mark.object.remove_memory"}] },
		{	"id": "skill.markers.mark.object.numen.worl",	"reqs":{"numen.worl":1},	"mutations":[{"filter":"skill","mutate":"skill.markers.numen.worl","level":1}], "linked":[{"id":"skill.markers.mark.object.remove_memory"}] },

	    {   "id": "skill.markers.mark.object.remove_memory", "reqs":{"memory":1}, "effects": {"memory": -1}}
  ]
}
