{
  "recipes": [
    {
      "id": "u.skill.to2",
      "actionid": "consider",
      "reqs": {"skill":-2,"memory":2,"lesson":1,"ability":1},
      "startdescription": "There's always more to learn. [Improve this skill to level 2. This will increase its Aspects, which'll help with crafting; and make it suitable for higher branches in the Tree of Wisdoms, if you haven't already committed it.]",
      "desc": "[This skill is now level 2. Its Power aspects have also increased.]",
      "aspects": {"skillingup": 1,"fatiguing.ability": 1},
      "effects": {"lesson": -1},
      "linked": [{"id":"skill.markers.mark.object.*"}],
      "warmup": 30,
      "craftable": true
},
    {"id":"u.skill.to3",
    "actionid": "consider",
    "reqs": {"skill":-3,"memory":2,"lesson":1,"ability":1},
    "startdescription":"I'm no expert... but I'm no dabbler, either. [Improve this skill to level 3.]",
    "desc":"[This skill is now level 3. Its Power aspects have also increased.]",
    "aspects":{"skillingup":1,"fatiguing.ability":1},
      "effects": {"lesson": -1},
      "linked": [{"id":"skill.markers.mark.object.*"}],
    "warmup":30,
    "craftable":true
},
    {"id":"u.skill.to4",
    "actionid": "consider",
    "reqs": {"skill":-4,"memory":2,"lesson":1,"ability":1},
    "startdescription":"Another fruit plucked from knowledge's tree. [Improve this skill to level 4.]",
    "desc":"[This skill is now level 4. Its Power aspects have also increased.]",
    "aspects":{"skillingup":1,"fatiguing.ability":1},
          "effects": {"lesson": -1},
          "linked": [{"id":"skill.markers.mark.object.*"}],
    "warmup":30,
    "craftable":true
},
   {"id":"u.skill.to5",
   "actionid": "consider",
   "reqs": {"skill":-5,"memory":2,"lesson":1,"ability":1},
   "startdescription":"So satisfying, to have come so far. [Improve this skill to level 5.]",
   "desc":"[This skill is now level 5. Its Power aspects have also increased.]",
   "aspects":{"skillingup":1,"fatiguing.ability":1},
      "effects": {"lesson": -1},
      "linked": [{"id":"skill.markers.mark.object.*"}],
   "warmup":30,
   "craftable":true
},
   {"id":"u.skill.to6",
   "actionid": "consider",
   "reqs": {"skill":-6,"memory":2,"lesson":1,"ability":1},
   "startdescription":"At last, I'm something of an authority in this. [Improve this skill to level 6.]",
   "desc":"[This skill is now level 6. Its Power aspects have also increased.]",
   "aspects":{"skillingup":1,"fatiguing.ability":1},
      "effects": {"lesson": -1},
      "linked": [{"id":"skill.markers.mark.object.*"}],
   "warmup":30,
   "craftable":true
},
    {"id":"u.skill.to7",
    "actionid": "consider",
    "reqs": {"skill":-7,"memory":2,"lesson":1,"ability":1},
    "startdescription":"When I thought I'd understood, I'd only begun. [Improve this skill to level 7.]",
    "desc":"[This skill is now level 7. Its Power aspects have also increased.]",
    "aspects":{"skillingup":1,"fatiguing.ability":1},
          "effects": {"lesson": -1},
          "linked": [{"id":"skill.markers.mark.object.*"}],
    "warmup":30,
    "craftable":true
},
    {"id":"u.skill.to8",
    "actionid": "consider",
    "reqs": {"skill":-8,"memory":2,"lesson":1,"ability":1},
    "startdescription":"At last, I approach mastery... [Improve this skill to level 8.]",
    "desc":"[This skill is now level 8. Its Power aspects have also increased.]",
    "aspects":{"skillingup":1,"fatiguing.ability":1},
          "effects": {"lesson": -1},
          "linked": [{"id":"skill.markers.mark.object.*"}],
    "warmup":30,
    "craftable":true
},
    {"id":"u.skill.to9",
   "actionid": "consider",
   "reqs": {"skill":-9,"memory":2,"lesson":1,"ability":1},
   "startdescription":"There's always more to learn. [Improve this skill to level 9.]",
   "desc":"[This skill is now level 9. Its Power aspects have also increased.]",
   "aspects":{"skillingup":1,"fatiguing.ability":1},
      "effects": {"lesson": -1},
      "linked": [{"id":"skill.markers.mark.object.*"}],
   "warmup":30,
   "craftable":true
}
  ]
}
