{"recipes": [

{"id": "write.letter.order.oriflammes.preshowing",
"inherits":"_write.summon",
"label": "Request a Preshowing of Oriflamme's next item",
"reqs": {"address.oriflammes":1},
"startdescription": "I can write a request to Oriflamme's for a special, out of season auction, but such privilege will cost me an Iron Spintria.",
"desc":"Now I just need to post it.","craftable":true,"$priority": 1,
"effects":{"letter.order.oriflammes.preshowing":1}},

{"id": "postoffice.send.letter.order.oriflammes.preshowing.blocked.hint",
"label": "An Unusual Request?",
"actionid": "village.postoffice.open",
"startdescription": "I've already sent one such request, I should wait a bit more to get a response.",
"reqs": {"letter.order.oriflammes.preshowing":1},
"extantreqs":{"season.numa":-1,"oriflammes.preshowing.blocker":1},
"hintonly":true},

{"id": "postoffice.send.letter.order.oriflammes.preshowing",
"label": "An Unusual Request",
"actionid": "village.postoffice.open",
"startdescription": "The Postmistress accepts the message, weighs the spintria, finds them both sufficient.",
"reqs": {"letter.order.oriflammes.preshowing":1,"tally":1},
"effects":{"tally":-1,"letter.order.oriflammes.preshowing":-1,"oriflammes.preshowing.blocker":1,"oriflammes.preshowing.check.token":2},
"extantreqs":{"season.numa":-1,"oriflammes.preshowing.blocker":-1},
"warmup":5,
"linked":[
{"id":"lot.oriflammes.preshowing.check.a", "additional":true, "topath":"~/purchases.europe","expulsion": {"limit": 1,"filter": {"oriflammes.preshowing.check.token": 1}}},
{"id":"lot.oriflammes.preshowing.check.b", "additional":true, "topath":"~/purchases.europe","expulsion": {"limit": 1,"filter": {"oriflammes.preshowing.check.token": 1}}},
{"id":"lot.oriflammes.preshowing.setup", "additional":true, "topath":"~/purchases.europe","expulsion": {"limit": 1,"filter": {"oriflammes.preshowing.blocker": 1}}},
{"id":"postoffice.send.letter.order.oriflammes.preshowing.cleanup"}
],
"craftable":true,"$priority": 1
},

{"id": "postoffice.send.letter.order.oriflammes.preshowing.cleanup",
"reqs": {"oriflammes.preshowing.check.token":1},
"effects":{"oriflammes.preshowing.check.token":-2},
"actionid": "village.postoffice.open",
"warmup":0
},

{"id": "postoffice.send.letter.order.oriflammes.preshowing.hint",
"label": "An Unusual Request?",
"actionid": "village.postoffice.open",
"startdescription": "The Postmistress will send along my request, and provided that an auction is not already ongoing, it should be fulfilled.",
"reqs": {"letter.order.oriflammes.preshowing":1,"tally":-1},
"extantreqs":{"season.numa":-1,"oriflammes.preshowing.blocker":-1},
"hintonly":true},

{"id": "lot.oriflammes.preshowing.check.a",
"actionid": "oriflammes.setup",
"effects":{"oriflammes.preshowing.check.token":-1},
"warmup":15
},

{"id": "lot.oriflammes.preshowing.check.b",
"actionid": "oriflammes.offer",
"effects":{"oriflammes.preshowing.check.token":-1},
"warmup":15
},

{"id": "lot.oriflammes.preshowing.setup",
"label": "A Message from Oriflamme's",
"actionid": "oriflammes.setup.bis",
"startdescription": "Set up Oriflamme's offer",
"warmup":5,
"linked":[
{"id":"lot.oriflammes.preshowing.success"},
{"id":"lot.oriflammes.preshowing.fail"}
]
},

{"id": "lot.oriflammes.preshowing.success",
"extantreqs":{"oriflammes.preshowing.check.token":2},
"actionid": "oriflammes.setup.bis",
"linked":[
{"id":"lot.oriflammes.preshowing.success.message", "additional":true, "topath":"~/arrivalverbs"},
{"id":"lot.oriflammes.preshowing", "additional":true, "topath":"~/purchases.europe"},
{"id":"lot.oriflammes.preshowing.cleanup"}
],
"warmup":25
},

{"id": "lot.oriflammes.preshowing.cleanup",
"effects":{"oriflammes.preshowing.blocker":-1},
"actionid": "oriflammes.setup.bis",
"warmup":30
},

{"id": "lot.oriflammes.preshowing.fail",
"effects":{"oriflammes.preshowing.blocker":-1},
"extantreqs":{"oriflammes.preshowing.check.token":-2},
"actionid": "oriflammes.setup.bis",
"linked":[
{"id":"lot.oriflammes.preshowing.fail.message", "additional":true, "topath":"~/arrivalverbs"}
],
"warmup":25
},

{"id": "lot.oriflammes.preshowing.success.message",
"label": "A Message from Oriflamme's",
"actionid": "oriflammes.message",
"startdescription": "'We have received your request and will send you our next planned offer shortly.'",
"warmup":5,
},

{"id": "lot.oriflammes.preshowing.fail.message",
"label": "A Message from Oriflamme's",
"actionid": "oriflammes.message",
"effects":{"spintria.iron": 1},
"startdescription": "'An Auction is already in progress, you will hear from us shortly.' Attached to the letter is my Iron Spintria.",
"warmup":5,
},

{"id": "lot.oriflammes.preshowing",
"label": "A Message from Oriflamme's",
"actionid": "oriflammes.setup",
"startdescription": "Set up Oriflamme's offer",
"reqs":{"cost.tally":-1},
"warmup":30,
"slots": [{
      "id": "p",
      "required": {"cost.tally":1},
            "greedy":true,
            "frompath":"~/purchases.europe"
        }],
        "linked":[{"id":"lot.oriflammes.offer.*", "additional":true, "topath":"~/arrivalverbs","expulsion": {"limit": 1,"filter": {"cost.tally": 1}} },
        {"id":"lot.oriflammes.preshowing.draw"}
        ]
},

{"id": "lot.oriflammes.preshowing.draw",
"label": "Oriflamme's Offer Draw",
"actionid": "oriflammes.draw",
"startdescription": "Oriflamme's: draw new books.",
"reqs": {"cost.tally":-1},
"warmup":1,
"deckeffects":{"d.books.divers":1},
"linked":[{"id":"lot.oriflammes.offer.*", "additional":true, "topath":"~/arrivalverbs","expulsion": {"limit": 1,"filter": {"cost.tally": 1}}}]
},

{"id": "lot.oriflammes.setup",
"label": "A Message from Oriflamme's",
"actionid": "oriflammes.setup",
"startdescription": "Set up Oriflamme's offer",
"extantreqs":{"status.rhonwen.open":1},
"reqs":{"cost.tally":-1},
"warmup":720,
"slots": [{
      "id": "p",
      "required": {"cost.tally":1},
            "greedy":true,
            "frompath":"~/purchases.europe"
        }],
        "linked":[{"id":"lot.oriflammes.offer.*", "additional":true, "topath":"~/arrivalverbs","expulsion": {"limit": 1,"filter": {"cost.tally": 1}} },
        {"id":"lot.oriflammes.draw","topath":"~/purchases.europe","outputpath":"^","additional":true},
        {"id":"lot.oriflammes.check.offer.spacer"},
        ]
},

{"id": "lot.oriflammes.check.offer.spacer",
"actionid": "oriflammes.setup",
"linked":[{"id":"lot.oriflammes.check.offer"}],
"warmup":25
},

{"id": "lot.oriflammes.check.offer",
"actionid": "oriflammes.setup",
"reqs":{"cost.tally":1},
"linked":[
{"id":"lot.oriflammes.offer.*", "additional":true, "topath":"~/arrivalverbs","expulsion": {"limit": 1,"filter": {"cost.tally": 1}} },
{"id":"lot.oriflammes.check.offer.spacer"}
],
"warmup":5
},

{"id": "lot.oriflammes.purchase",
"reqs":{"tally":"cost.tally"},
"startdescription":"'Oriflamme's thanks you for your custom.'",
"effects":{"tally":"-cost.tally"},
"linked":[{"id":"lot.oriflammes.leave.callingcard"}],
},

{"id": "lot.oriflammes.leave.callingcard",
"extantreqs":{"address.oriflammes":-1,"callingcard.oriflammes":-1,"wc":1},
"effects":{"callingcard.oriflammes":1},
},

{"id": "wc.callingcard.add.oriflammes",
"actionid":"*.consider",
"label":"Note Oriflamme's Address",
"startdescription":"To request their latest catalogue.",
"reqs": {"wc":1,"callingcard.oriflammes":1,"address.oriflammes":-1},
"effects":{"callingcard.oriflammes":-1,"occult.scrap":1},
"mutations":[{"filter":"wc","mutate":"address.oriflammes","level":1}],
"craftable":true,
"warmup":5},



{"id": "lot.oriflammes.offer.check.spacer",
"actionid": "oriflammes.setup",
"reqs":{"cost.tally":15},
"linked":[{"id":"lot.oriflammes.check.offer"}],
"warmup":25
},

{"id": "lot.oriflammes.offer.check",
"actionid": "oriflammes.setup",
"reqs":{"cost.tally":15},
"linked":[
{"id":"lot.oriflammes.offer.*", "additional":true, "topath":"~/arrivalverbs","expulsion": {"limit": 1,"filter": {"cost.tally": 1}} },
{"id":"lot.oriflammes.check.offer.spacer"}
],
"warmup":5
}

]
}
