{
    "elements": [
        {
            "id": "oriflammes.preshowing.blocker",
            "label": "Preshowing Blocker",
            "desc": "Block Preshowing",
			"ishidden":true,
			"lifetime": 10
        },
        {
            "id": "oriflammes.preshowing.check.token",
            "label": "Preshowing token",
			"ishidden":true,
			"lifetime": 10
        },
        {
            "id": "address.oriflammes",
            "label": "Address: Oriflamme's Auction House",
            "desc": "'Pentiment House, Mayfair.'The address of Oriflamme's Auction House. Write to them to request their latest catalogue. [You'll need an Ink for that and you will need to send it along with a customary payment of 1 Tally for a preshowing offer.]",
			"isAspect":true,
			"icon":"requesting"
        },
		{
            "id": "callingcard.oriflammes",
			"inherits":"_callingcard",
            "label": "Oriflamme's Business Card",
            "desc": "'Pentiment House, Mayfair.'The address of Oriflamme's Auction House. [Use this at a desk with your Writing-Case to make a note of the address.]",
			"icon":"address.oriflammes"
        },
		{
			"id":"letter.order.oriflammes.preshowing",
			"label":"Preshowing Request",
			"desc":"To Oriflamme's Auction House...",
			"icon":"letter.generic",
            "aspects":{"post.ready":1},
            "slots": [{"id": "due","label": "Due",
            "required": {
                "tally": 1
            },
            "actionid":"village.postoffice.open",
            "description":"The Postmistress will waive 1 pence post fee as she gets a small cut of the profits from such exchanges."}]
        }
    ]
}