{
	"elements": [
        {
            "id": "orderplaced.rags","label": "Ordered Rags",
            "isAspect": true,"icon":"orderplaced",
            "xtriggers":{"provisioning":[{"id":"contains.rags","morpheffect":"mutate","level":"^"}]}
        },
        {
            "id": "contains.rags","label": "Contains something soft and fragmented",
            "isAspect": true,"icon":"contains",
            "xtriggers":{"unwrapping":[{"id":"rags","morpheffect":"spawn","level":"^"},{"id":"^","morpheffect":"mutate","level":-1}]}
        },
		
		
        {
            "id": "orderplaced.bolt.linen","label": "Ordered Buttercup Linen",
            "isAspect": true,"icon":"orderplaced",
            "xtriggers":{"provisioning":[{"id":"contains.bolt.linen","morpheffect":"mutate","level":"^"}]}
        },
        {
            "id": "contains.bolt.linen","label": "Contains something soft",
            "isAspect": true,"icon":"contains",
            "xtriggers":{"unwrapping":[{"id":"bolt.linen","morpheffect":"spawn","level":"^"},{"id":"^","morpheffect":"mutate","level":-1}]}
        },
		
        {
            "id": "orderplaced.bolt.silk","label": "Ordered Pale Silk",
            "isAspect": true,"icon":"orderplaced",
            "xtriggers":{"provisioning":[{"id":"contains.bolt.silk","morpheffect":"mutate","level":"^"}]}
        },
        {
            "id": "contains.bolt.silk","label": "Contains something silky",
            "isAspect": true,"icon":"contains",
            "xtriggers":{"unwrapping":[{"id":"bolt.silk","morpheffect":"spawn","level":"^"},{"id":"^","morpheffect":"mutate","level":-1}]}
        },
		
        {
            "id": "orderplaced.bolt.velvet","label": "Ordered Moss-Green Velvet",
            "isAspect": true,"icon":"orderplaced",
            "xtriggers":{"provisioning":[{"id":"contains.bolt.velvet","morpheffect":"mutate","level":"^"}]}
        },
        {
            "id": "contains.bolt.velvet","label": "Contains something velvety",
            "isAspect": true,"icon":"contains",
            "xtriggers":{"unwrapping":[{"id":"bolt.velvet","morpheffect":"spawn","level":"^"},{"id":"^","morpheffect":"mutate","level":-1}]}
        }
    ]
}