{"recipes": [
{"id": "write.order.ch.rags",
"label": "Order Rags (9d)",
"inherits":"_write.order","$priority": 1,
"reqs": {"form.order.ch":1,"ink":1},
"startdescription": "Order Rags from Cater & Hero.",
"desc":"Scratch tiny symbols on the flimsy form.",
"mutations":[{"mutate":"orderplaced.rags","filter":"form.order.ch", "level":1,"additive":true},
{"mutate":"cost.pence","filter":"form.order.ch","level":9,"additive":true},
{"mutate":"post.ready","filter":"form.order.ch","level":1,"additive":false}]
},

{"id": "write.order.trn.bolt.linen",
"label": "Order Buttercup Linen (2/-)",
"inherits":"_write.order","$priority": 1,
"reqs": {"form.order.trn":1,"ink":1},
"startdescription": "Order a Bolt of Buttercup Linen from T.R.N. Limited.",
"desc":"Carefully mark the creamy paper.",
"mutations":[{"mutate":"orderplaced.bolt.linen","filter":"form.order.trn", "level":1,"additive":true},
{"mutate":"cost.pence","filter":"form.order.trn","level":24,"additive":true},
{"mutate":"post.ready","filter":"form.order.trn","level":1,"additive":false}]
},

{"id": "write.order.trn.bolt.silk",
"label": "Order Pale Silk (2/-)",
"inherits":"_write.order","$priority": 1,
"reqs": {"form.order.trn":1,"ink":1},
"startdescription": "Order a Bolt of Pale Silk from T.R.N. Limited.",
"desc":"Carefully mark the creamy paper.",
"mutations":[{"mutate":"orderplaced.bolt.silk","filter":"form.order.trn", "level":1,"additive":true},
{"mutate":"cost.pence","filter":"form.order.trn","level":24,"additive":true},
{"mutate":"post.ready","filter":"form.order.trn","level":1,"additive":false}]
},

{"id": "write.order.trn.bolt.velvet",
"label": "Order Moss-Green Velvet (2/-)",
"inherits":"_write.order","$priority": 1,
"reqs": {"form.order.trn":1,"ink":1},
"startdescription": "Order a Bolt of Moss-Green Velvet from T.R.N. Limited.",
"desc":"Carefully mark the creamy paper.",
"mutations":[{"mutate":"orderplaced.bolt.velvet","filter":"form.order.trn", "level":1,"additive":true},
{"mutate":"cost.pence","filter":"form.order.trn","level":24,"additive":true},
{"mutate":"post.ready","filter":"form.order.trn","level":1,"additive":false}]
}
]
}