{
    "verbs": [
      {	       "id": "library.loom",	"hints": ["grail","heart","moth","winter"],	"slots": [{	"id": "a","label": "Soul", "essential":{"ability": 1} ,"required":{"grail":1,"heart":1,"moth":1,"winter":1}	},{	"id": "s","label": "Skill", "essential":{"skill": 1} ,"required":{"grail":1,"heart":1,"moth":1,"winter":1}	},{	"id": "m","label": "Memory", "essential":{"memory": 1} ,"required":{"grail":1,"heart":1,"moth":1,"winter":1}	},{	"id": "i1","label": "Warp" ,"required":{"ability":1,"fabric":1},"forbidden":{"fatigued":1}	},{	"id": "i2","label": "Weft" ,"required":{"fabric":1,"memory":1},"forbidden":{"fatigued":1}	}]}
   ]
}