 {"recipes": [

{
    "id": "weather.enactor.earthquake",
    "label": "Tremors",
    "actionid": "weather.enactor.earthquake",
    "warmup": 1,
    "craftable": false,
    "reqs":{"weather.earthquake":1},
    "fx":{"weather.sunny":0}
},
{
    "id": "weather.enactor.breeze",
    "label": "Breeze",
    "actionid": "weather.enactor.breeze",
    "warmup": 1,
    "craftable": false,
    "reqs":{"weather.breeze":1},
    "fx":{"weather.gale":0}
},
{
    "id": "weather.enactor.overcast",
    "label": "Overcast",
    "actionid": "weather.enactor.overcast",
    "warmup": 1,
    "craftable": false,
    "reqs":{"weather.overcast":1},
    "fx":{"weather.fog":0}
},
{
    "id": "weather.enactor.snowstorm",
    "label": "Snowstorm",
    "actionid": "weather.enactor.snowstorm",
    "warmup": 1,
    "craftable": false,
    "reqs":{"weather.snowstorm":1},
    "fx":{"weather.snow":0}
},
{
    "id": "weather.enactor.sleet",
    "label": "Sleet",
    "actionid": "weather.enactor.sleet",
    "warmup": 1,
    "craftable": false,
    "reqs":{"weather.sleet":1},
    "fx":{"weather.rain":0}
},
{
    "id": "weather.enactor.sweltering",
    "label": "Sweltering",
    "actionid": "weather.enactor.sweltering",
    "warmup": 1,
    "craftable": false,
    "reqs":{"weather.sweltering":1},
    "fx":{"weather.sunny":0}
}

]
}
