{
    "elements": [


        {
            "id": "weather.earthquake",
            "label": "Tremors",
            "desc": "The gentlest murmuring in the bedrock. Just to remind us that the earth is not dead but sleeping.",
            "aspects":{"scale":4,"edge":4,"boost.scale":4,"boost.edge":4},
            "inherits":"_weather.memory"
        },
        {
            "id": "weather.breeze",
            "label": "Breeze",
            "desc": "Warm winds speak of new beginnings.",
            "aspects":{"rose":2,"nectar":1,"boost.rose":2,"boost.nectar":1},
            "inherits":"_weather.memory"
        },
        {
            "id": "weather.overcast",
            "label": "Overcast",
            "desc": "Grey skies, grey thoughts.",
            "aspects":{"moon":2,"moth":3,"boost.moon":2,"boost.moth":3},
            "inherits":"_weather.memory"
        },
        {
            "id": "weather.snowstorm",
            "label": "Snowstorm",
            "desc": "Winter's harshest lash.",
            "aspects":{"winter":4,"grail":4,"boost.winter":4,"boost.grail":4},
            "inherits":"_weather.memory"
        },
        {
            "id": "weather.sleet",
            "label": "Sleet",
            "desc": "Freezing rains make a warm fire all the more inviting.",
            "aspects":{"heart":2,"edge":2,"boost.heart":2,"boost.edge":2},
            "inherits":"_weather.memory"
        },
        {
            "id": "weather.sweltering",
            "label": "Sweltering",
            "desc": "The Sun's gaze still has power here.",
            "aspects":{"lantern":3,"forge":2,"boost.lantern":3,"boost.forge":2},
            "inherits":"_weather.memory"
        }
        


    ]
}

