 {"decks": [
 


        {
            "id": "deck.weather.spring",
            "spec": [
                "weather.sunny",
                "weather.sunny",
                "weather.sunny",
                "weather.sunny",
                "weather.clouds",
                "weather.clouds",            
                "weather.rain",
                "weather.rain",
                "weather.rain",
                "weather.breeze",
                "weather.breeze",
                "weather.breeze",
                "weather.gale",
                "weather.gale",
                "weather.storm"
            ],
           "resetonexhaustion": true
        },
        {
            "id": "deck.weather.summer",
            "spec": [
                "weather.sunny",
                "weather.sunny",
                "weather.sunny",
                "weather.sunny",
                "weather.sunny",
                "weather.clouds",
                "weather.clouds",
                "weather.clouds",
                "weather.rain",
                "weather.rain",
                "weather.breeze",
                "weather.breeze",
                "weather.sweltering",
                "weather.sweltering",
                "weather.earthquake"
            ],
           "resetonexhaustion": true
        },
        {
            "id": "deck.weather.autumn",
            "spec": [
                "weather.sleet",
                "weather.sleet",
                "weather.overcast",
                "weather.overcast",
                "weather.gale",
                "weather.gale",
                "weather.hail",
                "weather.clouds",
                "weather.rain",            
                "weather.rain",
                "weather.rain",
                "weather.storm",
                "weather.fog",
                "weather.fog",
                "weather.fog"
            ],
           "resetonexhaustion": true
        },
        {
            "id": "deck.weather.winter",
            "spec": [
                "weather.gale",
                "weather.overcast",
                "weather.hail",
                "weather.hail",
                "weather.snowstorm",
                "weather.snowstorm",
                "weather.clouds",
                "weather.clouds",  
                "weather.sleet",
                "weather.sleet",                
                "weather.fog",
                "weather.snow",
                "weather.snow",
                "weather.snow",
                "weather.snow"
            ],
           "resetonexhaustion": true
        }

]
}
