{
  "elements": [
  		{
			"id": "exalted.wallart",
			"label": "Exalted: Wall Art",
			"desc": "Referencing a piece of wall art has improved this assistant's abilities for the day.",
			"isAspect": true,
			"sort": "group6_exaltation.wallart",
			"icon": "wallart"
		},

  		{
			"id": "exalted.comfort",
			"label": "Exalted: Comfort",
			"desc": "Access to a moment of respite has improved this assistant's abilities for the day.",
			"isAspect": true,
			"sort":"group6_exaltation.comfort",
			"icon": "comfort"
		},
		
		{
			"id": "exalted.sound",
			"label": "Exalted: Sound",
			"desc": "An inspirational rythm has improved this assistant's abilities for the day.",
			"isAspect": true,
			"sort":"group6_exaltation.Sound"
		},
		
		{
			"id": "exalted.cooperative",
			"label": "Exalted: Cooperative",
			"desc": "A quality time with animal has improved this assistant's abilities for the day.",
			"isAspect": true,
			"sort":"group6_exaltation.cooperative"
		},
		{
			"id": "exalted.fruit",
			"label": "Exalted: Fruit",
			"desc": "Extra fruits has improved this assistant's abilities for the day.",
			"isAspect": true,
			"icon": "fruit",
			"sort":"group6_exaltation.fruit"
		},
		{
			"id": "exalted.intoxicating",
			"label": "Exalted: Intoxicating",
			"desc": "Drinking a Strong Beverage has improved this assistant's abilities for the day.",
			"isAspect": true,
			"icon": "intoxicating",
			"sort":"group6_exaltation.beverage"
		},
		{
			"id": "exalted.hair",
			"label": "Exalted: Hair",
			"desc": "A lock of hair has improved this assistant's abilities for the day.",
			"isAspect": true,
			"icon": "woven",
			"sort":"group6_exaltation.hair"
		},
		{
			"id": "exalted.stone",
			"label": "Exalted: Stone",
			"desc": "A slab of stone has improved this assistant's abilities for the day.",
			"isAspect": true,
			"icon": "stone",
			"sort":"group6_exaltation.stone"
		},
		{
			"id": "exalted.gem",
			"label": "Exalted: Gem",
			"desc": "A gem has improved this assistant's abilities for the day.",
			"isAspect": true,
			"icon": "gem",
			"sort":"group6_exaltation.gem"
		}
  ]
}