{
	"elements": [
		{
			"id": "_assistance",
			"noartneeded": true,
			"aspects": {
				"assistance": 1,
				"introduction": 1
			},
			"xtriggers": {
				"fatiguing": "departure.assistance",
				"departing": "departure.assistance.longer"
			},
			"slots": [
				{
					"id": "collaborate",
					"label": "Collaborate",
					"description": "Work alongside them, or provide something they can use.",
					"actionid": "talk",
					"required": {
						"memory": 1,
						"ability": 1,
						"tool": 1,
						"wallart": 1,
						"comfort": 1,
						"sustenance": 1,
						"beverage": 1
					},
					"forbidden": {
						"fatigued": 1,
						"malady": 1
					}
				}
			]	
		},
		{
			"id": "_assistance.usescandles",
			"inherits": "_assistance",
			"slots": [
				{
					"id": "collaborate",
					"label": "Collaborate",
					"description": "Work alongside them, or provide something they can use. [This assistant can also make use of Candles.]",
					"actionid": "talk",
					"required": {
						"memory": 1,
						"ability": 1,
						"tool": 1,
						"wallart": 1,
						"comfort": 1,
						"sustenance": 1,
						"beverage": 1,
						"candle": 1
					},
					"forbidden": {
						"fatigued": 1,
						"malady": 1
					}
				}
			]
		},
		{
			"id": "_assistance.usescooperative",
			"inherits": "_assistance",
			"slots": [
				{
					"id": "collaborate",
					"label": "Collaborate",
					"description": "Work alongside them, or provide something they can use. [This assistant can also make use of an co-operative beast - who will, with luck, be returned to you unharmed.]",
					"actionid": "talk",
					"required": {
						"memory": 1,
						"ability": 1,
						"tool": 1,
						"wallart": 1,
						"comfort": 1,
						"sustenance": 1,
						"beverage": 1,
						"cooperative": 1
					},
					"forbidden": {
						"fatigued": 1,
						"malady": 1
					}
				}
		  ]
		},
		{
			"id": "_assistance.usesfabric",
			"inherits": "_assistance",
			"slots": [
				{
					"id": "collaborate",
					"label": "Collaborate",
					"description": "Work alongside them, or provide something they can use. [This assistant can also make use of Fabric.]",
					"actionid": "talk",
					"required": {
						"memory": 1,
						"ability": 1,
						"tool": 1,
						"wallart": 1,
						"comfort": 1,
						"sustenance": 1,
						"beverage": 1,
						"fabric": 1
					},
					"forbidden": {
						"fatigued": 1,
						"malady": 1
					}
				}
			]
		},
		{
			"id": "_assistance.usesflower",
			"inherits": "_assistance",
			"slots": [
				{
					"id": "collaborate",
					"label": "Collaborate",
					"description": "Work alongside them, or provide something they can use. [This assistant can also make use of Flowers.]",
					"actionid": "talk",
					"required": {
						"memory": 1,
						"ability": 1,
						"tool": 1,
						"wallart": 1,
						"comfort": 1,
						"sustenance": 1,
						"beverage": 1,
						"flower": 1
					},
					"forbidden": {
						"fatigued": 1,
						"malady": 1
					}
				}
			]
		},
		{
			"id": "_assistance.usesfuel",
			"inherits": "_assistance",
			"slots": [
				{
					"id": "collaborate",
					"label": "Collaborate",
					"description": "Work alongside them, or provide something they can use. [This assistant can also make use of Fuel.]",
					"actionid": "talk",
					"required": {
						"memory": 1,
						"ability": 1,
						"tool": 1,
						"wallart": 1,
						"comfort": 1,
						"sustenance": 1,
						"beverage": 1,
						"fuel": 1
					},
					"forbidden": {
						"fatigued": 1,
						"malady": 1
					}
				}
			]
		},
		{
			"id": "_assistance.usesmetal",
			"inherits": "_assistance",
			"slots": [
				{
					"id": "collaborate",
					"label": "Collaborate",
					"description": "Work alongside them, or provide something they can use. [This assistant can also make use of Metals.]",
					"actionid": "talk",
					"required": {
						"memory": 1,
						"ability": 1,
						"tool": 1,
						"wallart": 1,
						"comfort": 1,
						"sustenance": 1,
						"beverage": 1,
						"metal": 1
					},
					"forbidden": {
						"fatigued": 1,
						"malady": 1
					}
				}
			]
		},
		{
			"id": "_assistance.usessound",
			"inherits": "_assistance",
			"slots": [
				{
					"id": "collaborate",
					"label": "Collaborate",
					"description": "Work alongside them, or provide something they can use. [This assistant can also make use of Sound - that is, they can use a Sound card and another Memory card in the same day.]",
					"actionid": "talk",
					"required": {
						"memory": 1,
						"ability": 1,
						"tool": 1,
						"wallart": 1,
						"comfort": 1,
						"sustenance": 1,
						"beverage": 1,
						"sound": 1
					},
					"forbidden": {
						"fatigued": 1,
						"malady": 1
					}
				}
			]
		},
		{
			"id": "_assistance.usesomen",
			"inherits": "_assistance",
			"slots": [
				{
					"id": "collaborate",
					"label": "Collaborate",
					"description": "Work alongside them, or provide something they can use. [This assistant can also make use of an Omen - that is, they can use an Omen card and another Memory card in the same day.]",
					"actionid": "talk",
					"required": {
						"memory": 1,
						"ability": 1,
						"tool": 1,
						"wallart": 1,
						"comfort": 1,
						"sustenance": 1,
						"beverage": 1,
						"omen": 1
					},
					"forbidden": {
						"fatigued": 1,
						"malady": 1
					}
				}
			]
		},
		{
			"id": "_assistance.usespigment",
			"inherits": "_assistance",
			"slots": [
				{
					"id": "collaborate",
					"label": "Collaborate",
					"description": "Work alongside them, or provide something they can use. [This assistant can also make use of Pigments.]",
					"actionid": "talk",
					"required": {
						"memory": 1,
						"ability": 1,
						"tool": 1,
						"wallart": 1,
						"comfort": 1,
						"sustenance": 1,
						"beverage": 1,
						"pigment": 1
					},
					"forbidden": {
						"fatigued": 1,
						"malady": 1
					}
				}
			]
		},
		{
			"id": "_assistance.useswood",
			"inherits": "_assistance",
			"slots": [
				{
					"id": "collaborate",
					"label": "Collaborate",
					"description": "Work alongside them, or provide something they can use. [This assistant can also make use of Wood.]",
					"actionid": "talk",
					"required": {
						"memory": 1,
						"ability": 1,
						"tool": 1,
						"wallart": 1,
						"comfort": 1,
						"sustenance": 1,
						"beverage": 1,
						"wood": 1
					},
					"forbidden": {
						"fatigued": 1,
						"malady": 1
					}
				}
			]
		},
		{
			"id": "_assistance.usesrock",
			"inherits": "_assistance",
			"slots": [
				{
					"id": "collaborate",
					"label": "Collaborate",
					"description": "Work alongside them, or provide something they can use. [This assistant can also make use of Stone.]",
					"actionid": "talk",
					"required": {
						"memory": 1,
						"ability": 1,
						"tool": 1,
						"wallart": 1,
						"comfort": 1,
						"sustenance": 1,
						"beverage": 1,
						"stone": 1,
						"gem": 1
					},
					"forbidden": {
						"fatigued": 1,
						"malady": 1
					}
				}
			]
		}
	]
}