{
    "elements": [
        {
            "id": "assistance.fugitive",
            "label": "Fugitive's Assistance",
            "desc": "'Hold your noise!' called a terrible voice, as a man started up from among the graves at the side of the church porch. [...] A fearful man, all in coarse grey, with a great iron on his leg. A man with no hat, and with broken shoes, and with an old rag tied around his head.' - Dickens",
			"aspects": {"scale":4,"edge":4,"heart":4,"fee":24},
            "inherits":"_assistance.usescooperative"
        },
        {
            "id": "assistance.musician",
            "label": "Travelling Musician's Assistance",
            "desc": "'I'm just some irritating, lying, ginger kid from Cornwall who should have been locked up [...] I just managed to escape and blag it into music.' - Richard James",
			"aspects": {"sky":4,"rose":4,"nectar":4,"fee":24},
            "inherits":"_assistance.usessound"
        },
		{
            "id": "assistance.barber",
            "label": "Barber's Assistance",
            "desc": "The itinerant barbers of the south country will keep you clean and kempt, make sure you don't miss out on any news or gossip, and arrange matters so you aren't too troubled by vermin. Snip snip.",
			"aspects": {"moth":2,"rose":1},
            "inherits":"_assistance.usesfabric"
        },
		{
            "id": "assistance.miner",
            "label": "Miner's Assistance",
            "desc": "'Thus they more or less ruled themselves, with the help of their wild Celtic temperament, made wilder by the hardness of their lives and the truly ghastly conditions under which they worked [...] with all this it is not to be wondered that the tinners acquired the reputation of being scarcely human. But it must be remembered that among them at all times were those whose characters could stand comparison with the best of men.' - L. Russell Muirhead",
			"aspects": {"scale":2,"forge":1,"moon":1},
            "inherits":"_assistance.usesrock"
        }
    ]
}
