{
	"recipes": [
	{
		"id": "exalt.sound",
		"actionid":"talk","warmup":30,"craftable":true,
		"label": "A Melodious Rhythm.",
		"startdescription": "I can offer them a sound that may inspire their spirit. [This will increase their Aspects.]",
		"desc":"'Music is the very essence of life, stirring the heart and soul.' [This has improved their Aspects appropriately.]",
		"reqs": {
			"assistance.musician":1,
			"sound":1,
			"exalted.sound":-1,
		},
		"extantreqs":{"sleepytime":-1},
		"mutations":[
			{"filter":"assistance","mutate":"edge","level":"boost.edge","additive":true},
			{"filter":"assistance","mutate":"forge","level":"boost.forge","additive":true},
			{"filter":"assistance","mutate":"grail","level":"boost.grail","additive":true},
			{"filter":"assistance","mutate":"heart","level":"boost.heart","additive":true},
			{"filter":"assistance","mutate":"knock","level":"boost.knock","additive":true},
			{"filter":"assistance","mutate":"lantern","level":"boost.lantern","additive":true},
			{"filter":"assistance","mutate":"moon","level":"boost.moon","additive":true},
			{"filter":"assistance","mutate":"moth","level":"boost.moth","additive":true},
			{"filter":"assistance","mutate":"nectar","level":"boost.nectar","additive":true},
			{"filter":"assistance","mutate":"rose","level":"boost.rose","additive":true},
			{"filter":"assistance","mutate":"scale","level":"boost.scale","additive":true},
			{"filter":"assistance","mutate":"sky","level":"boost.sky","additive":true},
			{"filter":"assistance","mutate":"winter","level":"boost.winter","additive":true},
			{"filter":"assistance","mutate":"exalted.sound","level":1}
		],
		"aspects":{"fatiguing.memory":1}
	},

	{
		"id": "exalt.sound.already",
		"label": "A Dissonance?",
		"actionid": "talk",
		"startdescription": "[Each assistant can only benefit from one sound in a day. You may be able to provide a more potent sound another time...]",
		"reqs": {
			"assistance":1,
			"sound":1,
			"exalted.sound":1
		},
		"extantreqs":{"sleepytime":-1},
		"craftable":true,"warmup":1
	},
	
	{
		"id": "exalt.cooperative",
		"actionid":"talk",
		"warmup":30,
		"craftable":true,
		"label": "A Therapy Animal.",
		"startdescription": "I can offer them a co-operative beast that may provide comfort. [This will increase their Aspects.]",
		"desc":"'There, there...' [This has improved their Aspects appropriately.]",
		"reqs": {
			"assistance.fugitive":1,
			"cooperative":1,
			"exalted.cooperative":-1
		},
		"extantreqs":{"sleepytime":-1},
		"aspects":{"fatiguing.ingredients":1},
		"mutations":[
			{"filter":"assistance","mutate":"edge","level":"boost.edge","additive":true},
			{"filter":"assistance","mutate":"forge","level":"boost.forge","additive":true},
			{"filter":"assistance","mutate":"grail","level":"boost.grail","additive":true},
			{"filter":"assistance","mutate":"heart","level":"boost.heart","additive":true},
			{"filter":"assistance","mutate":"knock","level":"boost.knock","additive":true},
			{"filter":"assistance","mutate":"lantern","level":"boost.lantern","additive":true},
			{"filter":"assistance","mutate":"moon","level":"boost.moon","additive":true},
			{"filter":"assistance","mutate":"moth","level":"boost.moth","additive":true},
			{"filter":"assistance","mutate":"nectar","level":"boost.nectar","additive":true},
			{"filter":"assistance","mutate":"rose","level":"boost.rose","additive":true},
			{"filter":"assistance","mutate":"scale","level":"boost.scale","additive":true},
			{"filter":"assistance","mutate":"sky","level":"boost.sky","additive":true},
			{"filter":"assistance","mutate":"winter","level":"boost.winter","additive":true},
			{"filter":"assistance","mutate":"exalted.cooperative","level":1}
		]
	},

	{
		"id": "exalt.cooperative.already",
		"label": "An Annoyance?",
		"actionid": "talk",
		"startdescription": "[Each assistant can only benefit from one beast in a day. You may be able to provide a more attractive one another time...]",
		"reqs": {
			"assistance.fugitive":1,
			"cooperative":1,
			"exalted.cooperative":1
		},
		"extantreqs":{"sleepytime":-1},
		"craftable":true,"warmup":1
	},
	
    {
		"id": "exalt.comfort",
		"actionid":"talk","warmup":30,"craftable":true,
		"label": "A Moment of Respite",
		"startdescription": "I can offer my assistant a rest on the comfortable furniture at Hush House [This will increase their Aspects.]",
		"desc": "[The comfort has boosted their Aspects appropriately.]",
		"reqs": {
			"assistance": 1,
			"comfort": 1,
			"exalted.comfort": -1,
			"beast":-1,
			"tool":-1
		},
		"extantreqs":{"sleepytime":-1},
		"mutations":[
			{"filter":"assistance","mutate":"edge","level":"boost.edge","additive":true},
			{"filter":"assistance","mutate":"forge","level":"boost.forge","additive":true},
			{"filter":"assistance","mutate":"grail","level":"boost.grail","additive":true},
			{"filter":"assistance","mutate":"heart","level":"boost.heart","additive":true},
			{"filter":"assistance","mutate":"knock","level":"boost.knock","additive":true},
			{"filter":"assistance","mutate":"lantern","level":"boost.lantern","additive":true},
			{"filter":"assistance","mutate":"moon","level":"boost.moon","additive":true},
			{"filter":"assistance","mutate":"moth","level":"boost.moth","additive":true},
			{"filter":"assistance","mutate":"nectar","level":"boost.nectar","additive":true},
			{"filter":"assistance","mutate":"rose","level":"boost.rose","additive":true},
			{"filter":"assistance","mutate":"scale","level":"boost.scale","additive":true},
			{"filter":"assistance","mutate":"sky","level":"boost.sky","additive":true},
			{"filter":"assistance","mutate":"winter","level":"boost.winter","additive":true},
			{"filter":"assistance","mutate":"exalted.comfort","level":1}
		]
    },
	{
		"id": "exalt.comfort.already",
		"label": "Slacking?",
		"actionid": "talk",
		"startdescription": "[Each assistant can only benefit from Comfort once in a day.]",
		"reqs": {
			"assistance": 1,
			"comfort": 1,
			"exalted.comfort": 1,
			"beast":-1,
			"tool":-1
		},
		"extantreqs": {"sleepytime": -1},
		"craftable": true,"warmup": 1
    },
    {
		"id": "exalt.comfort.nopet",
		"label": "A Moment of Respite?",
		"actionid": "talk",
		"startdescription": "'No, you may not sit on an animal.'",
		"reqs": {
			"assistance": 1,
			"exalted.comfort": -1,
			"beast": 1
		},
		"extantreqs": {"sleepytime": -1},
		"craftable": true,"warmup": 1
    },
	
	
	{
		"id": "exalt.wallart",
		"actionid": "talk",
		"warmup": 30,
		"craftable": true,
		"label": "Rest their Eyes",
		"startdescription": "My assistant will take a moment to look at something here. [By referencing a piece of wall art, boost an assistant's abilities for the rest of the day.]",
		"desc": "'Quite inspiring, as expected of Hush House.' [This has improved their Aspects appropriately.]",
		"reqs": {
			"assistance": 1,
			"wallart": 1,
			"exalted.wallart": -1
		},
		"extantreqs": {"sleepytime": -1},
		"mutations": [
			{"filter":"assistance","mutate":"edge","level":"boost.edge","additive":true},
			{"filter":"assistance","mutate":"forge","level":"boost.forge","additive":true},
			{"filter":"assistance","mutate":"grail","level":"boost.grail","additive":true},
			{"filter":"assistance","mutate":"heart","level":"boost.heart","additive":true},
			{"filter":"assistance","mutate":"knock","level":"boost.knock","additive":true},
			{"filter":"assistance","mutate":"lantern","level":"boost.lantern","additive":true},
			{"filter":"assistance","mutate":"moon","level":"boost.moon","additive":true},
			{"filter":"assistance","mutate":"moth","level":"boost.moth","additive":true},
			{"filter":"assistance","mutate":"nectar","level":"boost.nectar","additive":true},
			{"filter":"assistance","mutate":"rose","level":"boost.rose","additive":true},
			{"filter":"assistance","mutate":"scale","level":"boost.scale","additive":true},
			{"filter":"assistance","mutate":"sky","level":"boost.sky","additive":true},
			{"filter":"assistance","mutate":"winter","level":"boost.winter","additive":true},
			{"filter":"assistance","mutate":"exalted.wallart","level": 1}
		]
    },
	
    {
		"id": "exalt.wallart.already",
		"label": "Rest their Eyes?",
		"actionid": "talk",
		"startdescription": "Their eyes need rest. [Each assistant can only benefit from wall art once in a day.]",
		"reqs": {
			"assistance": 1,
			"wallart": 1,
			"exalted.wallart": 1
		},
		"extantreqs": {"sleepytime": -1},
		"craftable": true,"warmup": 1
    },
	
	{
		"id": "exalt.intoxicating",
		"actionid":"talk",
		"warmup":30,
		"craftable":true,
		"label": "A Strong Drop",
		"startdescription": "'’Nother round? Aye — if it’s got some punch to it.' [This will increase their Aspects. They'll also be merry as a grig.]",
		"desc":"'D-down to the gruuushans...' [This has boosted their Aspects appropriately.]",
		"reqs": {
			"assistance.fisherman":1,
			"intoxicating":1,
			"exalted.beverage":1
		},
		"extantreqs":{"sleepytime":-1},
		"aspects":{"fatiguing.ingredients":1},
		"mutations":[
			{"filter":"assistance","mutate":"edge","level":"boost.edge","additive":true},
			{"filter":"assistance","mutate":"forge","level":"boost.forge","additive":true},
			{"filter":"assistance","mutate":"grail","level":"boost.grail","additive":true},
			{"filter":"assistance","mutate":"heart","level":"boost.heart","additive":true},
			{"filter":"assistance","mutate":"knock","level":"boost.knock","additive":true},
			{"filter":"assistance","mutate":"lantern","level":"boost.lantern","additive":true},
			{"filter":"assistance","mutate":"moon","level":"boost.moon","additive":true},
			{"filter":"assistance","mutate":"moth","level":"boost.moth","additive":true},
			{"filter":"assistance","mutate":"nectar","level":"boost.nectar","additive":true},
			{"filter":"assistance","mutate":"rose","level":"boost.rose","additive":true},
			{"filter":"assistance","mutate":"scale","level":"boost.scale","additive":true},
			{"filter":"assistance","mutate":"sky","level":"boost.sky","additive":true},
			{"filter":"assistance","mutate":"winter","level":"boost.winter","additive":true},
			{"filter":"assistance","mutate":"exalted.intoxicating","level":1}
		]
	},
	{
	    "id": "exalt.intoxicating.already",
		"label": "A Strong Drop?",
		"actionid": "talk",
		"startdescription": "'Ooooh... y’know wot? I’m good, I’m good...' [This assistant can only benefit extra from intoxicating beverage once in a day.]",
		"reqs": {
			"assistance": 1,
			"intoxicating": 1,
			"exalted.intoxicating": 1
		},
		"extantreqs": {"sleepytime": -1},
		"craftable": true,"warmup": 1
	},
	{
		"id": "exalt.fruit",
		"actionid":"talk",
		"warmup":30,
		"craftable":true,
		"label": "A Bountiful Crop",
		"startdescription": "This assistant may be able to make use of extra fruits. [This will increase their Aspects. They'll also be grateful.]",
		"desc":"Better than letting it rot in my shelves. [This has boosted their Aspects appropriately.]",
		"reqs": {
			"assistance.orchardkeeper":1,
			"fruit":1,
			"exalted.sustenance":1
		},
		"extantreqs":{"sleepytime":-1},
		"aspects":{"fatiguing.ingredients":1},
		"mutations":[
			{"filter":"assistance","mutate":"edge","level":"boost.edge","additive":true},
			{"filter":"assistance","mutate":"forge","level":"boost.forge","additive":true},
			{"filter":"assistance","mutate":"grail","level":"boost.grail","additive":true},
			{"filter":"assistance","mutate":"heart","level":"boost.heart","additive":true},
			{"filter":"assistance","mutate":"knock","level":"boost.knock","additive":true},
			{"filter":"assistance","mutate":"lantern","level":"boost.lantern","additive":true},
			{"filter":"assistance","mutate":"moon","level":"boost.moon","additive":true},
			{"filter":"assistance","mutate":"moth","level":"boost.moth","additive":true},
			{"filter":"assistance","mutate":"nectar","level":"boost.nectar","additive":true},
			{"filter":"assistance","mutate":"rose","level":"boost.rose","additive":true},
			{"filter":"assistance","mutate":"scale","level":"boost.scale","additive":true},
			{"filter":"assistance","mutate":"sky","level":"boost.sky","additive":true},
			{"filter":"assistance","mutate":"winter","level":"boost.winter","additive":true},
			{"filter":"assistance","mutate":"exalted.fruit","level":1}
		]
	},
	{
		"id": "exalt.fruit.already",
		"label": "A Wasteful Crop?",
		"actionid": "talk",
		"startdescription": "Too much fruit may spoil both the fruits and the gesture. [This assistant can only benefit extra from fruit once in a day.]",
		"reqs": {
			"assistance": 1,
			"fruit": 1,
			"exalted.fruit": 1
		},
		"extantreqs": {"sleepytime": -1},
		"craftable": true,"warmup": 1
	},
	{
		"id": "exalt.hair",
		"actionid":"talk",
		"warmup":30,
		"craftable":true,
		"label": "Of Interest To Wig-makers",
		"startdescription": "I can offer my assistant some hair. [This will increase their Aspects.]",
		"desc":"My assistant gives me a questionable look but takes it nonetheless. [This has improved their Aspects appropriately.]",
		"reqs": {
			"assistance.barber":1,
			"human.hair":1,
			"exalted.hair":-1
		},
		"comments":"Not really worth the effort, but for the sake of consistency",
		"extantreqs":{"sleepytime":-1},
		"aspects":{"fatiguing.ingredients":1},
		"mutations":[
			{"filter":"assistance","mutate":"moth","level":"boost.moth","additive":true},
			{"filter":"assistance","mutate":"exalted.hair","level":1}
		]
	},
	{
		"id": "exalt.hair.already",
		"label": "Of Interest?",
		"actionid": "talk",
		"startdescription": "A questionable look turns suspecious. [This assistant can only benefit from one hair a day.]",
		"reqs": {
			"assistance.barber": 1,
			"human.hair": 1,
			"exalted.hair": 1
		},
		"extantreqs": {"sleepytime": -1},
		"craftable": true,"warmup": 1
	},
	{
		"id": "exalt.hair.not",
		"label": "Not Interested?",
		"actionid": "talk",
		"startdescription": "'I have no use of this item.' [This assistant can only make use of certain Fibre.]",
		"reqs": {
			"assistance.barber": 1,
			"human.hair": -1,
			"fabric": 1,
			"tool": -1
		},
		"extantreqs": {"sleepytime": -1},
		"craftable": true,"warmup": 1
	},
	{
		"id": "exalt.fabric",
		"actionid":"talk",
		"warmup":30,
		"craftable":true,
		"label": "The Threads Converge",
		"startdescription": "This assistant may be able to make use of fabrics and other woven things. [This will increase their Aspects. They'll keep whatever might be left over.]",
		"desc":"Let it clutter up <i>their</i> shelves. [This has improved their Aspects appropriately.]",
		"reqs": {
			"assistance.midwife":1,
			"fabric":1,
			"exalted.fabric":-1
		},
		"comments":"In case barber takes hair as fabric. Nothing changed except assistant limited to midwife.",
		"extantreqs":{"sleepytime":-1},
		"aspects":{"fatiguing.ingredients":1},
		"mutations":[
				{"filter":"assistance","mutate":"edge","level":"boost.edge","additive":true},
				{"filter":"assistance","mutate":"forge","level":"boost.forge","additive":true},
				{"filter":"assistance","mutate":"grail","level":"boost.grail","additive":true},
				{"filter":"assistance","mutate":"heart","level":"boost.heart","additive":true},
				{"filter":"assistance","mutate":"knock","level":"boost.knock","additive":true},
				{"filter":"assistance","mutate":"lantern","level":"boost.lantern","additive":true},
				{"filter":"assistance","mutate":"moon","level":"boost.moon","additive":true},
				{"filter":"assistance","mutate":"moth","level":"boost.moth","additive":true},
				{"filter":"assistance","mutate":"nectar","level":"boost.nectar","additive":true},
				{"filter":"assistance","mutate":"rose","level":"boost.rose","additive":true},
				{"filter":"assistance","mutate":"scale","level":"boost.scale","additive":true},
				{"filter":"assistance","mutate":"sky","level":"boost.sky","additive":true},
				{"filter":"assistance","mutate":"winter","level":"boost.winter","additive":true},
				{"filter":"assistance","mutate":"exalted.fabric","level":1}
		]
	},
	{
		"id": "exalt.stone",
		"actionid":"talk",
		"warmup":30,
		"craftable":true,
		"label": "Additional Supplies: Stone",
		"startdescription": "I can offer my assistant stone - mundane, or exotic. Mostly mundane. [This will increase their Aspects.]",
		"desc":"Let it clutter up <i>their</i> shelves. [This has improved their Aspects appropriately.]",
		"reqs": {
			"assistance.miner":1,
			"stone":1,
			"exalted.stone":-1
		},
		"comments":"Only need three mutation for two stone slab, but in case other stone obj modded",
		"extantreqs":{"sleepytime":-1},
		"aspects":{"fatiguing.ingredients":1},
		"mutations":[
			{"filter":"assistance","mutate":"edge","level":"boost.edge","additive":true},
			{"filter":"assistance","mutate":"forge","level":"boost.forge","additive":true},
			{"filter":"assistance","mutate":"grail","level":"boost.grail","additive":true},
			{"filter":"assistance","mutate":"heart","level":"boost.heart","additive":true},
			{"filter":"assistance","mutate":"knock","level":"boost.knock","additive":true},
			{"filter":"assistance","mutate":"lantern","level":"boost.lantern","additive":true},
			{"filter":"assistance","mutate":"moon","level":"boost.moon","additive":true},
			{"filter":"assistance","mutate":"moth","level":"boost.moth","additive":true},
			{"filter":"assistance","mutate":"nectar","level":"boost.nectar","additive":true},
			{"filter":"assistance","mutate":"rose","level":"boost.rose","additive":true},
			{"filter":"assistance","mutate":"scale","level":"boost.scale","additive":true},
			{"filter":"assistance","mutate":"sky","level":"boost.sky","additive":true},
			{"filter":"assistance","mutate":"winter","level":"boost.winter","additive":true},
			{"filter":"assistance","mutate":"exalted.stone","level":1}
		]
	},
	{
		"id": "exalt.stone.already",
		"label": "Additional Supplies?",
		"actionid": "talk",
		"startdescription": "[Each assistant can only benefit from stone once in a day. ]",
		"reqs": {
			"assistance.miner":1,
			"stone":1,
			"exalted.stone":1
		},
		"extantreqs":{"sleepytime":-1},
		"craftable":true,"warmup":1
	},
	{
		"id": "exalt.gem",
		"actionid":"talk",
		"warmup":30,
		"craftable":true,
		"label": "Additional Supplies: Gem",
		"startdescription": "I can offer my assistant Gem - mundane, or exotic. Mostly exotic. [This will increase their Aspects.]",
		"desc":"Let it clutter up <i>their</i> shelves. [This has improved their Aspects appropriately.]",
		"reqs": {
			"assistance.miner":1,
			"gem":1,
			"exalted.gem":-1
		},
		"extantreqs":{"sleepytime":-1},
		"aspects":{"fatiguing.ingredients":1},
		"mutations":[
			{"filter":"assistance","mutate":"edge","level":"boost.edge","additive":true},
			{"filter":"assistance","mutate":"forge","level":"boost.forge","additive":true},
			{"filter":"assistance","mutate":"grail","level":"boost.grail","additive":true},
			{"filter":"assistance","mutate":"heart","level":"boost.heart","additive":true},
			{"filter":"assistance","mutate":"knock","level":"boost.knock","additive":true},
			{"filter":"assistance","mutate":"lantern","level":"boost.lantern","additive":true},
			{"filter":"assistance","mutate":"moon","level":"boost.moon","additive":true},
			{"filter":"assistance","mutate":"moth","level":"boost.moth","additive":true},
			{"filter":"assistance","mutate":"nectar","level":"boost.nectar","additive":true},
			{"filter":"assistance","mutate":"rose","level":"boost.rose","additive":true},
			{"filter":"assistance","mutate":"scale","level":"boost.scale","additive":true},
			{"filter":"assistance","mutate":"sky","level":"boost.sky","additive":true},
			{"filter":"assistance","mutate":"winter","level":"boost.winter","additive":true},
			{"filter":"assistance","mutate":"exalted.gem","level":1}
		]
	},
	{
		"id": "exalt.gem.already",
		"label": "Additional Supplies?",
		"actionid": "talk",
		"startdescription": "[Each assistant can only benefit from gem once in a day. ]",
		"reqs": {
			"assistance.miner":1,
			"gem":1,
			"exalted.gem":1
		},
		"extantreqs":{"sleepytime":-1},
		"craftable":true,"warmup":1
	}
  ]
}