{
    "recipes": [

        {"id": "gather.moor.autumn",  "effects$add":{"mem.sight":1 }, "startdescription": "The last leaves toss and scutter. During Autumn I'll find evidence of transformations - fallen logs, shed skins, and hewn stones."},
        {"id": "gather.moor.winter", "effects$add":{"mem.touch":1 }, "startdescription": "Rime rims the moor-tarns. In Winter I'll find things that once were otherwise, quiet memorials tucked away in quiet corners."},
        {"id": "gather.moor.numa",  "effects$add":{"secret.threshold":1 }, "startdescription":"The moors sing a silent chorus. I don't know that I'll find much during Numa, but something's like to find me"},

        {"id": "gather.garden.beehive.spring", "startdescription": "Honey takes time - in spring it'll be mostly wax." },
        {"id": "gather.garden.beehive.summer", "startdescription": "In summer the hive is well-stocked with honey, among other things" },
        {"id": "gather.garden.beehive.numa", "startdescription": "It's Numa, and the hive is yearning for what's long lost. I'll likely find the fruit of their unrest." }
    ]

}