{
    "verbs": [
        {
          "id": "world.sea.crane",
          "desc": "Long ago, this was the route by which provisions entered the gaol, and by which prisoners failed to escape. There's a pile of crates at the bottom that the old quartermaster never got to hoisting up - he must've left in a hurry. Cranes can raise things, or lower them all the same",
          "slots": [  {"id": "a","label": "Effort", "essential":{"ability": 1},"required":{"heart":1,"forge":1},"forbidden":{"fatigued":1,"malady":1}},
          {"id": "skill","label": "Knowledge","essential":{"skill": 1}, "required":{"heart":1,"forge":1}}, {"id": "thing","label": "Thing", "required":{"thing":1,"beast":1}}],
          "hints":["heart","forge"]
        },
        
        {
            "id": "world.sea.boathouse",
            "desc": "The boat is gone, the Sea remains. That is, of course, the way it usually works. If you turn some nearby rocks over, you might find something left behind, twice-forgotten. If you throw something into the sea, you might forget it once.",
            "slots": [  {"id": "a","label": "Effort", "essential":{"ability": 1},"required":{"knock":1,"moon":1},"forbidden":{"fatigued":1,"malady":1}},
            {"id": "skill","label": "Knowledge", "essential":{"skill": 1}, "required":{"knock":1,"moon":1}}, {"id": "thing","label": "Thing", "required":{"thing":1,"beast":1}}],
            "hints":["knock","moon"]
          }
  ]
}