{
    "decks" : [
        {"id": "beehive.spring",	 "label": "Beehive: Spring",	"resetonexhaustion": true,	"spec$remove": [	"honey","honey","honey"	  ], "spec$append": [	"beeswax","beeswax","jam.rosehip"	  ]   },
        {"id": "beehive.summer",	 "label": "Beehive: Summer",	"resetonexhaustion": true,	"spec$remove": [	"honey"	  ], "spec$append": [	"jam.blackberry"	]   },
        {"id": "beehive.numa",	 "label": "Beehive: Numa",	"resetonexhaustion": true,	"spec$remove": [	"honey","beeswax","music.wistful","music.hive"	  ], "spec$append": [	"larva.chimeric","honey.cuckoo","honey.cuckoo","honey.cuckoo","honey.cuckoo","honey.cuckoo","honey.cuckoo"	  ]   },

    {"id": "moor.autumn",	 "label": "Moor: Autumn",	"resetonexhaustion": true,	"spec$remove": [	"animal.bones","slab.granite","hawthorn.blank","slab.serpentinite","quartz.chunk","yew.blank","animal.bones","slab.granite","hawthorn.blank","slab.serpentinite","quartz.chunk","yew.blank"	  ]   
        , "spec$append": [	"slab.granite","slab.granite","slab.serpentinite","slab.serpentinite","quartz.chunk","quartz.chunk","yew.blank","yew.blank","hawthorn.blank","hawthorn.blank","lignum.vitae.blank","parchment.anthropoderm","fruit.misshapen"	]   },
    
    {"id": "moor.winter",	 "label": "Moor: Winter",	"resetonexhaustion": true,	"spec$remove": [	"animal.bones","slab.granite","hawthorn.blank","slab.serpentinite","quartz.chunk","yew.blank","animal.bones","slab.granite","hawthorn.blank","slab.serpentinite","quartz.chunk","yew.blank"	  ]   
        , "spec$append": [	"animal.bones","animal.bones","animal.bones","awakened.feather","awakened.feather","pumpkin.wormy","bittersweet.certainty","old.wound","skaptodon.fang","essential.periost","ampoule.wolfsnow"	]   },

    {"id": "moor.numa",	 "label": "Moor: Numa",	"resetonexhaustion": true, "spec$remove": [	"windrumour","earthsign","enduring.reflection","dog.wild","skaptodon.fang"]
        , "spec$append": [	"wormwood.dream","x.cracktrack","skinshuck.mead","old.moment","spintria.tin"	]	   }
    ]
}