{
    "decks": [
        {"id": "boathouse.caches",	 "label": "unnoticed caches",	"resetonexhaustion": true,	"spec": [	"driftwood.fragment","driftwood.fragment","driftwood.fragment","driftwood.fragment","parcel.tall","parcel.slim","packages.forsaken","packages.lost","abandoned.luggage","box.rarities" ]   },
        {"id": "crane.caches",	 "label": "forgotten deliveries",	"resetonexhaustion": true,	"spec": [	"crate.supplies","crate.supplies","crate.supplies","packages.abandoned","packages.abandoned","packages.abandoned","parcel.tall","parcel.tall","parcel.tall" ]   }
    ]
}