{
    "recipes": [
        {
            "id": "gather.crane",
            "actionid": "world.sea.crane",
            "startdescription": "It's not easy between the wind and the distance, but I can probably hook a crate with the crane",
            "desc":"Provisions from the bureau's more mundane suppliers.",
            "inherits":"_gather.unseasonal",
            "deckeffects":{"crane.caches":1},
            "label": "Unhook Crate"
        },

        {"id": "gather.crane.night.hint",
        "actionid": "world.sea.crane",
        "startdescription": "I can't see the moonlit crates well enough to hook one. I'll try tomorrow.",
        "inherits":"_gather.night.hint"},

        {
            "id": "gather.boathouse",
            "actionid": "world.sea.boathouse",
            "startdescription": "the waves push seafoam into the rocky coast, revealing a maze of contraband-shaped hiding spots.",
            "desc":"Something expectedly unexpected.",
            "inherits":"_gather.unseasonal",
            "deckeffects":{"boathouse.caches":1},
            "label": "a find!"
        },

        {"id": "gather.boathouse.night.hint",
        "actionid": "world.sea.boathouse",
        "startdescription": "The sea crashes violently on jagged rocks in the dark. Anything that's been left for the last hundred years can surely wait one more night.",
        "inherits":"_gather.night.hint"}

    ]
}