{
    "recipes": [

        {
            "id": "_gather.unseasonal",
            "label": "Discovery!",
            "extantreqs":{"time.night":-1},
            "aspects":{"fatiguing.ability":1},
            "reqs": {"ability":1},
            "warmup":60,
            "craftable":true
        },

        {
            "id": "sea.renounce.journal",
            "actionid": "world.sea.beach"
        },
        {
            "id": "sea.renounce.penny.numa",
            "actionid": "world.sea.beach"
        },
        {
            "id": "sea.renounce.penny",
            "actionid": "world.sea.beach"
        },
        {
            "id": "sea.renounce*",
            "actionid": "world.sea.beach"
        },
    
        {
            "id": "sea.release",
            "actionid": "world.sea.beach"
        }




    ]
}