{
    "verbs": [
      {	       "id": "library.altar.ascite",	"label": "Altar: Ascite",	"Desc": "The Horned-Axe, who opens the way and keeps the threshold, is accounted the last of the Gods-from-Stone.",	"hints": ["edge","scale","winter","knock"],	"audio":"Stone",	"slots": [{	"id": "a","label": "Soul", "essential":{"ability": 1} ,"required":{"edge":1,"scale":1,"winter":1,"knock":1}	},{	"id": "s","label": "Skill", "essential":{"skill": 1} ,"required":{"edge":1,"scale":1,"winter":1,"knock":1}	},{	"id": "m","label": "Memory", "essential":{"memory": 1} ,"required":{"edge":1,"scale":1,"winter":1,"knock":1}	},{	"id": "i1","label": "Devotion" ,"required":{"tool":1,"cooperative":1,"ability":1,"mark":1,"omen":1},"forbidden":{"fatigued":1}	},{	"id": "i2","label": "Remembrance" ,"required":{"tool":1,"memory":1},"forbidden":{"fatigued":1}	}],	 "aspects":{"difficulty.prentice":5,"difficulty.scholar":10,"difficulty.keeper":15 ,"e.nyctodromy":1 	},		"ambits":true,	"category": "Workstation"	},
      {	       "id": "library.altar.atrium",	"label": "Shrine: St Januarius",	"Desc": "St Januarius is the Name which was wounded; the Name of exceptions; the little god at the door.",	"hints": ["rose","sky","heart","knock"],	"audio":"Candles",	"slots": [{	"id": "a","label": "Soul", "essential":{"ability": 1} ,"required":{"rose":1,"sky":1,"heart":1,"knock":1}	},{	"id": "s","label": "Skill", "essential":{"skill": 1} ,"required":{"rose":1,"sky":1,"heart":1,"knock":1}	},{	"id": "m","label": "Memory", "essential":{"memory": 1} ,"required":{"rose":1,"sky":1,"heart":1,"knock":1}	},{	"id": "i1","label": "Devotion" ,"required":{"light":1,"cooperative":1,"ability":1,"mark":1,"omen":1},"forbidden":{"fatigued":1}	},{	"id": "i2","label": "Remembrance" ,"required":{"light":1,"memory":1,"fuel":1,"pigment":1},"forbidden":{"fatigued":1}	}],	 "aspects":{"difficulty.prentice":5,"difficulty.scholar":10,"difficulty.keeper":15 ,"e.nyctodromy":1	},		"ambits":true,	"category": "Workstation"	},
      {	       "id": "library.altar.calicite",	"label": "Calicite Altar",	"Desc": "The Red Grail, birth and appetite, denied and condemned by the clergy of the Sun for her temptress-role in the Sun's division. Those of us who oppose Eternity might instead give her thanks and praise. But cautiously.",	"hints": ["moon","heart","grail"],	"audio":"Stone",	"slots": [{	"id": "a","label": "Soul", "essential":{"ability": 1} ,"required":{"moon":1,"heart":1,"grail":1}	},{	"id": "s","label": "Skill", "essential":{"skill": 1} ,"required":{"moon":1,"heart":1,"grail":1}	},{	"id": "m","label": "Memory", "essential":{"memory": 1} ,"required":{"moon":1,"heart":1,"grail":1}	},{	"id": "i1","label": "Devotion" ,"required":{"beverage":1,"cooperative":1,"ability":1,"mark":1,"omen":1},"forbidden":{"fatigued":1}	},{	"id": "i2","label": "Remembrance" ,"required":{"beverage":1,"memory":1,"flower":1,"woven":1,"remains":1},"forbidden":{"fatigued":1}	}],	 "aspects":{"difficulty.prentice":5,"difficulty.scholar":10,"difficulty.keeper":15 ,"e.bosk":1	},		"ambits":true,	"category": "Workstation"	},
      {	       "id": "library.altar.catacombs",	"label": "Catacombs Altar",	"Desc": "'BONE IS THE MEMORY THAT DOES NOT DIE.'",	"hints": ["moon","scale","winter"],	"audio":"Tile",	"slots": [{	"id": "a","label": "Soul", "essential":{"ability": 1} ,"required":{"moon":1,"scale":1,"winter":1}	},{	"id": "s","label": "Skill", "essential":{"skill": 1} ,"required":{"moon":1,"scale":1,"winter":1}	},{	"id": "m","label": "Memory", "essential":{"memory": 1} ,"required":{"moon":1,"scale":1,"winter":1}	},{	"id": "i1","label": "Devotion" ,"required":{"remains":1,"cooperative":1,"ability":1,"mark":1,"omen":1},"forbidden":{"fatigued":1}	},{	"id": "i2","label": "Remembrance" ,"required":{"remains":1,"memory":1},"forbidden":{"fatigued":1}	}],	 "aspects":{"difficulty.prentice":5,"difficulty.scholar":10,"difficulty.keeper":15 ,"e.hushery":1	},		"ambits":true,	"category": "Workstation"	},
      {	       "id": "library.altar.chancel",	"label": "Shrine: the Chancel",	"Desc": "We do not name these Hours, but we acknowledge that together they are the Chancel, the Cruciate, and the Rode.",	"hints": ["moth","winter","edge"],	"audio":"Candles",	"slots": [{	"id": "a","label": "Soul", "essential":{"ability": 1} ,"required":{"moth":1,"winter":1,"edge":1}	},{	"id": "s","label": "Skill", "essential":{"skill": 1} ,"required":{"moth":1,"winter":1,"edge":1}	},{	"id": "m","label": "Memory", "essential":{"memory": 1} ,"required":{"moth":1,"winter":1,"edge":1}	},{	"id": "i1","label": "Devotion" ,"required":{"light":1,"cooperative":1,"ability":1,"mark":1,"omen":1,"hidden.mihail.altar":1},"forbidden":{"fatigued":1}	},{	"id": "i2","label": "Remembrance" ,"required":{"light":1,"memory":1,"fuel":1,"pigment":1,"hidden.mihail.altar":1},"forbidden":{"fatigued":1}	}],	 "aspects":{"difficulty.prentice":5,"difficulty.scholar":10,"difficulty.keeper":15 ,"e.horomachistry":1	},	"xtriggers":{"upgrading":"library.altar.chancel.mihail"},	"ambits":true,	"category": "Workstation"	},
      {	       "id": "library.altar.glorious",	"label": "Shrine: the Madrugad",	"Desc": "The Madrugad is the Hour which cannot be unbalanced; which quells and quiets; which comes before the sun.",	"hints": ["sky","winter","forge"],	"audio":"Candles",	"slots": [{	"id": "a","label": "Soul", "essential":{"ability": 1} ,"required":{"sky":1,"winter":1,"forge":1}	},{	"id": "s","label": "Skill", "essential":{"skill": 1} ,"required":{"sky":1,"winter":1,"forge":1}	},{	"id": "m","label": "Memory", "essential":{"memory": 1} ,"required":{"sky":1,"winter":1,"forge":1}	},{	"id": "i1","label": "Devotion" ,"required":{"light":1,"cooperative":1,"ability":1,"mark":1,"omen":1},"forbidden":{"fatigued":1}	},{	"id": "i2","label": "Remembrance" ,"required":{"light":1,"memory":1,"fuel":1,"pigment":1},"forbidden":{"fatigued":1}	}],	 "aspects":{"difficulty.prentice":5,"difficulty.scholar":10,"difficulty.keeper":15 ,"e.ithastry":1	},		"ambits":true,	"category": "Workstation"	},
      {	       "id": "library.altar.lady",	"label": "Altar of the Knot",	"Desc": "History is woven; a knot is a testament.",	"hints": ["moth","moon","heart"],	"audio":"Stone",	"slots": [{	"id": "a","label": "Soul", "essential":{"ability": 1} ,"required":{"moth":1,"moon":1,"heart":1}	},{	"id": "s","label": "Skill", "essential":{"skill": 1} ,"required":{"moth":1,"moon":1,"heart":1}	},{	"id": "m","label": "Memory", "essential":{"memory": 1} ,"required":{"moth":1,"moon":1,"heart":1}	},{	"id": "i1","label": "Devotion" ,"required":{"material":1,"cooperative":1,"ability":1,"mark":1,"omen":1},"forbidden":{"fatigued":1}	},{	"id": "i2","label": "Remembrance" ,"required":{"material":1,"memory":1,"flower":1,"woven":1},"forbidden":{"fatigued":1}	}],	 "aspects":{"difficulty.prentice":5,"difficulty.scholar":10,"difficulty.keeper":15 ,"e.bosk":1	},		"ambits":true,	"category": "Workstation"	},
      {	       "id": "library.altar.malachite",	"label": "Altar: Malachite",	"Desc": "Honey, the blood; copper, the heart; yew, the root.",	"hints": ["moth","nectar","heart"],	"audio":"Stone",	"slots": [{	"id": "a","label": "Soul", "essential":{"ability": 1} ,"required":{"moth":1,"nectar":1,"heart":1}	},{	"id": "s","label": "Skill", "essential":{"skill": 1} ,"required":{"moth":1,"nectar":1,"heart":1}	},{	"id": "m","label": "Memory", "essential":{"memory": 1} ,"required":{"moth":1,"nectar":1,"heart":1}	},{	"id": "i1","label": "Devotion" ,"required":{"sustenance":1,"cooperative":1,"ability":1,"mark":1,"omen":1},"forbidden":{"fatigued":1}	},{	"id": "i2","label": "Remembrance" ,"required":{"sustenance":1,"memory":1,"flower":1,"root":1,"woven":1,"remains":1},"forbidden":{"fatigued":1}	}],	 "aspects":{"difficulty.prentice":5,"difficulty.scholar":10,"difficulty.keeper":15 ,"e.preservation":1	},		"ambits":true,	"category": "Workstation"	},
      {	       "id": "library.altar.radiant",	"label": "Shrine: the Watchman",	"Desc": "The Watchman is the Hour which navigates; which illuminates; which is not compassionate.",	"hints": ["rose","sky","lantern"],	"audio":"Candles",	"slots": [{	"id": "a","label": "Soul", "essential":{"ability": 1} ,"required":{"rose":1,"sky":1,"lantern":1}	},{	"id": "s","label": "Skill", "essential":{"skill": 1} ,"required":{"rose":1,"sky":1,"lantern":1}	},{	"id": "m","label": "Memory", "essential":{"memory": 1} ,"required":{"rose":1,"sky":1,"lantern":1}	},{	"id": "i1","label": "Devotion" ,"required":{"light":1,"cooperative":1,"ability":1,"mark":1,"omen":1},"forbidden":{"fatigued":1}	},{	"id": "i2","label": "Remembrance" ,"required":{"light":1,"memory":1,"gem":1,"lens":1,"fuel":1,"pigment":1},"forbidden":{"fatigued":1}	}],	 "aspects":{"difficulty.prentice":5,"difficulty.scholar":10,"difficulty.keeper":15 ,"e.illumination":1	},		"ambits":true,	"category": "Workstation"	},
      {	       "id": "library.altar.solar",	"label": "Solar Altar",	"Desc": "The Sun-in-Splendour is the Hour which was sundered; the Hour which is not conquered; the Hour from which proceed all the other Hours of the day. Or so the Church teaches.",	"hints": ["sky","winter","lantern"],	"audio":"Candles",	"slots": [{	"id": "a","label": "Soul", "essential":{"ability": 1} ,"required":{"sky":1,"winter":1,"lantern":1}	},{	"id": "s","label": "Skill", "essential":{"skill": 1} ,"required":{"sky":1,"winter":1,"lantern":1}	},{	"id": "m","label": "Memory", "essential":{"memory": 1} ,"required":{"sky":1,"winter":1,"lantern":1}	},{	"id": "i1","label": "Devotion" ,"required":{"light":1,"cooperative":1,"ability":1,"mark":1,"omen":1},"forbidden":{"fatigued":1}	},{	"id": "i2","label": "Remembrance" ,"required":{"light":1,"memory":1,"gem":1,"lens":1,"fuel":1,"pigment":1},"forbidden":{"fatigued":1}	}],	 "aspects":{"difficulty.prentice":5,"difficulty.scholar":10,"difficulty.keeper":15 ,"e.hushery":1	},		"ambits":true,	"category": "Workstation"	},
      {	       "id": "library.altar.tentreto",	"label": "Altar: St Tentreto",	"Desc": "Saint Tentreto of the Deep Door, who is four times winged: for the Scīmafectra-kind; the Glaeterfleoge-kind; the Thritige-kind; for the kind-within.",	"hints": ["moon","moth","knock","scale"],	"audio":"Insect",	"slots": [{	"id": "a","label": "Soul", "essential":{"ability": 1} ,"required":{"moon":1,"moth":1,"knock":1,"scale":1}	},{	"id": "s","label": "Skill", "essential":{"skill": 1} ,"required":{"moon":1,"moth":1,"knock":1,"scale":1}	},{	"id": "m","label": "Memory", "essential":{"memory": 1} ,"required":{"moon":1,"moth":1,"knock":1,"scale":1}	},{	"id": "i1","label": "Devotion" ,"required":{"memory":1,"cooperative":1,"ability":1,"blank":1},"forbidden":{"fatigued":1}	},{	"id": "i2","label": "Remembrance" ,"required":{"cooperative":1,"memory":1,"liquid":1},"forbidden":{"fatigued":1}	}],	 "aspects":{"difficulty.prentice":5,"difficulty.scholar":10,"difficulty.keeper":15 ,"e.horomachistry":1,"e.nyctodromy":1	},	"xtriggers":{"upgrading":"library.altar.tentreto.offering"},	"ambits":true,	"category": "Workstation"	},
      {	       "id": "library.bed.rest.cell.adept",	"label": "My Bed: Adept Cell",	"Desc": "A bed stamped with sigils to discourage access to the Mansus in dream. [Add a Fatigued Soul card to nap, a Maladied soul card to cure it, or (once night has fallen) a Memory to dream on it.]",	"hints": ["scale","lantern","winter","heart"],	"audio":"Bed",	"slots": [{	"id": "a","label": "Soul", "essential":{"ability": 1} ,"required":{"scale":1,"lantern":1,"winter":1,"heart":1}	},{	"id": "s","label": "Skill", "essential":{"skill": 1} ,"required":{"scale":1,"lantern":1,"winter":1,"heart":1}	},{	"id": "m","label": "Memory", "essential":{"memory": 1} ,"required":{"scale":1,"lantern":1,"winter":1,"heart":1}	},{	"id": "i1","label": "Restore" ,"required":{"fatigued":1,"malady":1},"forbidden":{}	},{	"id": "i2","label": "With" ,"required":{"beverage":1,"covenant":1,"restorative":1},"forbidden":{}	}],	 "aspects":{"difficulty.prentice":5,"difficulty.scholar":10,"difficulty.keeper":15 ,"mybed":1	},	"xtriggers":{"decamping":"library.bed.guest.cell.adept"},		"category": "Workstation"	},
      {	       "id": "library.bed.rest.cell.long",	"label": "My Bed: Long Cell",	"Desc": "A bunk-bed constructed for two immortals who could neither be together, nor apart. [But you sleep here alone. Add a Fatigued Soul card to nap, a Maladied soul card to cure it, or (once night has fallen) a Memory to dream on it.]",	"hints": ["scale","lantern","edge","heart"],	"audio":"Bed",	"slots": [{	"id": "a","label": "Soul", "essential":{"ability": 1} ,"required":{"scale":1,"lantern":1,"edge":1,"heart":1}	},{	"id": "s","label": "Skill", "essential":{"skill": 1} ,"required":{"scale":1,"lantern":1,"edge":1,"heart":1}	},{	"id": "m","label": "Memory", "essential":{"memory": 1} ,"required":{"scale":1,"lantern":1,"edge":1,"heart":1}	},{	"id": "i1","label": "Restore" ,"required":{"fatigued":1,"malady":1},"forbidden":{}	},{	"id": "i2","label": "With" ,"required":{"beverage":1,"covenant":1,"restorative":1},"forbidden":{}	}],	 "aspects":{"difficulty.prentice":5,"difficulty.scholar":10,"difficulty.keeper":15 ,"mybed":1	},	"xtriggers":{"decamping":"library.bed.guest.cell.long"},		"category": "Workstation"	},
      {	       "id": "library.bed.rest.hermit",	"label": "My Bed: Hermit",	"Desc": "A snug nook where absolutely nobody will bother you. [Add a Fatigued Soul card to nap, a Maladied soul card to cure it, or (once night has fallen) a Memory to dream on it.]",	"hints": ["scale","moon","sky","heart"],	"audio":"Bed",	"slots": [{	"id": "a","label": "Soul", "essential":{"ability": 1} ,"required":{"scale":1,"moon":1,"sky":1,"heart":1}	},{	"id": "s","label": "Skill", "essential":{"skill": 1} ,"required":{"scale":1,"moon":1,"sky":1,"heart":1}	},{	"id": "m","label": "Memory", "essential":{"memory": 1} ,"required":{"scale":1,"moon":1,"sky":1,"heart":1}	},{	"id": "i1","label": "Restore" ,"required":{"fatigued":1,"malady":1},"forbidden":{}	},{	"id": "i2","label": "With" ,"required":{"beverage":1,"covenant":1,"restorative":1},"forbidden":{}	}],	 "aspects":{"difficulty.prentice":5,"difficulty.scholar":10,"difficulty.keeper":15 ,"mybed":1	},	"xtriggers":{"decamping":"library.bed.guest.hermit"},		"category": "Workstation"	},
      {	       "id": "library.bed.rest.infirmary",	"label": "My Bed: Infirmary",	"Desc": "Clean white sheets and the unmistakable military <i>ping</i> of a steel bed-frame.  [Add a Fatigued Soul card to nap, a Maladied soul card to cure it, or (once night has fallen) a Memory to dream on it.]",	"hints": ["nectar","edge","heart"],	"audio":"Bed",	"slots": [{	"id": "a","label": "Soul", "essential":{"ability": 1} ,"required":{"nectar":1,"edge":1,"heart":1}	},{	"id": "s","label": "Skill", "essential":{"skill": 1} ,"required":{"nectar":1,"edge":1,"heart":1}	},{	"id": "m","label": "Memory", "essential":{"memory": 1} ,"required":{"nectar":1,"edge":1,"heart":1}	},{	"id": "i1","label": "Restore" ,"required":{"fatigued":1,"malady":1},"forbidden":{}	},{	"id": "i2","label": "With" ,"required":{"beverage":1,"covenant":1,"restorative":1},"forbidden":{}	}],	 "aspects":{"difficulty.prentice":5,"difficulty.scholar":10,"difficulty.keeper":15 ,"mybed":1	},	"xtriggers":{"decamping":"library.bed.guest.infirmary"},		"category": "Workstation"	},
      {	       "id": "library.bed.rest.librarian",	"label": "My Bed: Librarian's Quarters",	"Desc": "Librarians are prone to back-ache, and the mattress here has always been a hard one, even in Westcott's time. [Add a Fatigued Soul card to nap, a Maladied soul card to cure it, or (once night has fallen) a Memory to dream on it.]",	"hints": ["lantern","rose","sky","heart"],	"audio":"Bed",	"slots": [{	"id": "a","label": "Soul", "essential":{"ability": 1} ,"required":{"lantern":1,"rose":1,"sky":1,"heart":1}	},{	"id": "s","label": "Skill", "essential":{"skill": 1} ,"required":{"lantern":1,"rose":1,"sky":1,"heart":1}	},{	"id": "m","label": "Memory", "essential":{"memory": 1} ,"required":{"lantern":1,"rose":1,"sky":1,"heart":1}	},{	"id": "i1","label": "Restore" ,"required":{"fatigued":1,"malady":1},"forbidden":{}	},{	"id": "i2","label": "With" ,"required":{"beverage":1,"covenant":1,"restorative":1},"forbidden":{}	}],	 "aspects":{"difficulty.prentice":5,"difficulty.scholar":10,"difficulty.keeper":15 ,"mybed":1	},	"xtriggers":{"decamping":"library.bed.guest.librarian"},		"category": "Workstation"	},
      {	       "id": "library.bed.rest.lodge",	"label": "My Bed: Lodge",	"Desc": "Stout, rustic, snug. [Add a Fatigued Soul card to nap, a Maladied soul card to cure it, or (once night has fallen) a Memory to dream on it.]",	"hints": ["scale","forge","knock","heart"],	"audio":"Bed",	"slots": [{	"id": "a","label": "Soul", "essential":{"ability": 1} ,"required":{"scale":1,"forge":1,"knock":1,"heart":1}	},{	"id": "s","label": "Skill", "essential":{"skill": 1} ,"required":{"scale":1,"forge":1,"knock":1,"heart":1}	},{	"id": "m","label": "Memory", "essential":{"memory": 1} ,"required":{"scale":1,"forge":1,"knock":1,"heart":1}	},{	"id": "i1","label": "Restore" ,"required":{"fatigued":1,"malady":1},"forbidden":{}	},{	"id": "i2","label": "With" ,"required":{"beverage":1,"covenant":1,"restorative":1},"forbidden":{}	}],	 "aspects":{"difficulty.prentice":5,"difficulty.scholar":10,"difficulty.keeper":15 ,"mybed":1	},	"xtriggers":{"decamping":"library.bed.guest.lodge"},		"category": "Workstation"	},
      {	       "id": "library.bed.rest.motley",	"label": "My Bed: Motley",	"Desc": "An exile slept here, long ago. [Add a Fatigued Soul card to nap, a Maladied soul card to cure it, or (once night has fallen) a Memory to dream on it.]",	"hints": ["forge","rose","moth","heart"],	"audio":"Bed",	"slots": [{	"id": "a","label": "Soul", "essential":{"ability": 1} ,"required":{"forge":1,"rose":1,"moth":1,"heart":1}	},{	"id": "s","label": "Skill", "essential":{"skill": 1} ,"required":{"forge":1,"rose":1,"moth":1,"heart":1}	},{	"id": "m","label": "Memory", "essential":{"memory": 1} ,"required":{"forge":1,"rose":1,"moth":1,"heart":1}	},{	"id": "i1","label": "Restore" ,"required":{"fatigued":1,"malady":1},"forbidden":{}	},{	"id": "i2","label": "With" ,"required":{"beverage":1,"covenant":1,"restorative":1},"forbidden":{}	}],	 "aspects":{"difficulty.prentice":5,"difficulty.scholar":10,"difficulty.keeper":15 ,"mybed":1	},	"xtriggers":{"decamping":"library.bed.guest.motley"},		"category": "Workstation"	},
      {	       "id": "library.bed.rest.pale",	"label": "My Bed: Pale",	"Desc": "Seven generations of Dewulfs slept here… as did Kitty Mazarine, who never cared much for tradition. [Add a Fatigued Soul card to nap, a Maladied soul card to cure it, or (once night has fallen) a Memory to dream on it.]",	"hints": ["grail","sky","winter","heart"],	"audio":"Bed",	"slots": [{	"id": "a","label": "Soul", "essential":{"ability": 1} ,"required":{"grail":1,"sky":1,"winter":1,"heart":1}	},{	"id": "s","label": "Skill", "essential":{"skill": 1} ,"required":{"grail":1,"sky":1,"winter":1,"heart":1}	},{	"id": "m","label": "Memory", "essential":{"memory": 1} ,"required":{"grail":1,"sky":1,"winter":1,"heart":1}	},{	"id": "i1","label": "Restore" ,"required":{"fatigued":1,"malady":1},"forbidden":{}	},{	"id": "i2","label": "With" ,"required":{"beverage":1,"covenant":1,"restorative":1},"forbidden":{}	}],	 "aspects":{"difficulty.prentice":5,"difficulty.scholar":10,"difficulty.keeper":15 ,"mybed":1	},	"xtriggers":{"decamping":"library.bed.guest.pale"},		"category": "Workstation"	},
      {	       "id": "library.bed.rest.servants1",	"label": "My Bed: Servant's Quarters",	"Desc": "Narrow, but comfortable. [Add a Fatigued Soul card to nap, a Maladied soul card to cure it, or (once night has fallen) a Memory to dream on it.]",	"hints": ["forge","nectar","scale","heart"],	"audio":"Bed",	"slots": [{	"id": "a","label": "Soul", "essential":{"ability": 1} ,"required":{"forge":1,"nectar":1,"scale":1,"heart":1}	},{	"id": "s","label": "Skill", "essential":{"skill": 1} ,"required":{"forge":1,"nectar":1,"scale":1,"heart":1}	},{	"id": "m","label": "Memory", "essential":{"memory": 1} ,"required":{"forge":1,"nectar":1,"scale":1,"heart":1}	},{	"id": "i1","label": "Restore" ,"required":{"fatigued":1,"malady":1},"forbidden":{}	},{	"id": "i2","label": "With" ,"required":{"beverage":1,"covenant":1,"restorative":1},"forbidden":{}	}],	 "aspects":{"difficulty.prentice":5,"difficulty.scholar":10,"difficulty.keeper":15 ,"mybed":1	},	"xtriggers":{"decamping":"library.bed.guest.servants1"},		"category": "Workstation"	},
      {	       "id": "library.bed.rest.servants2",	"label": "My Bed: Servant's Quarters",	"Desc": "Narrow, but comfortable. [Add a Fatigued Soul card to nap, a Maladied soul card to cure it, or (once night has fallen) a Memory to dream on it.]",	"hints": ["forge","nectar","scale","heart"],	"audio":"Bed",	"slots": [{	"id": "a","label": "Soul", "essential":{"ability": 1} ,"required":{"forge":1,"nectar":1,"scale":1,"heart":1}	},{	"id": "s","label": "Skill", "essential":{"skill": 1} ,"required":{"forge":1,"nectar":1,"scale":1,"heart":1}	},{	"id": "m","label": "Memory", "essential":{"memory": 1} ,"required":{"forge":1,"nectar":1,"scale":1,"heart":1}	},{	"id": "i1","label": "Restore" ,"required":{"fatigued":1,"malady":1},"forbidden":{}	},{	"id": "i2","label": "With" ,"required":{"beverage":1,"covenant":1,"restorative":1},"forbidden":{}	}],	 "aspects":{"difficulty.prentice":5,"difficulty.scholar":10,"difficulty.keeper":15 ,"mybed":1	},	"xtriggers":{"decamping":"library.bed.guest.servants2"},		"category": "Workstation"	},
      {	       "id": "library.bed.rest.servants3",	"label": "My Bed: Servant's Quarters",	"Desc": "Narrow, but comfortable. [Add a Fatigued Soul card to nap, a Maladied soul card to cure it, or (once night has fallen) a Memory to dream on it.]",	"hints": ["forge","nectar","scale","heart"],	"audio":"Bed",	"slots": [{	"id": "a","label": "Soul", "essential":{"ability": 1} ,"required":{"forge":1,"nectar":1,"scale":1,"heart":1}	},{	"id": "s","label": "Skill", "essential":{"skill": 1} ,"required":{"forge":1,"nectar":1,"scale":1,"heart":1}	},{	"id": "m","label": "Memory", "essential":{"memory": 1} ,"required":{"forge":1,"nectar":1,"scale":1,"heart":1}	},{	"id": "i1","label": "Restore" ,"required":{"fatigued":1,"malady":1},"forbidden":{}	},{	"id": "i2","label": "With" ,"required":{"beverage":1,"covenant":1,"restorative":1},"forbidden":{}	}],	 "aspects":{"difficulty.prentice":5,"difficulty.scholar":10,"difficulty.keeper":15 ,"mybed":1	},	"xtriggers":{"decamping":"library.bed.guest.servants3"},		"category": "Workstation"	},
      {	       "id": "library.bed.rest.servants4",	"label": "My Bed: Servant's Quarters",	"Desc": "Narrow, but comfortable. [Add a Fatigued Soul card to nap, a Maladied soul card to cure it, or (once night has fallen) a Memory to dream on it.]",	"hints": ["forge","nectar","scale","heart"],	"audio":"Bed",	"slots": [{	"id": "a","label": "Soul", "essential":{"ability": 1} ,"required":{"forge":1,"nectar":1,"scale":1,"heart":1}	},{	"id": "s","label": "Skill", "essential":{"skill": 1} ,"required":{"forge":1,"nectar":1,"scale":1,"heart":1}	},{	"id": "m","label": "Memory", "essential":{"memory": 1} ,"required":{"forge":1,"nectar":1,"scale":1,"heart":1}	},{	"id": "i1","label": "Restore" ,"required":{"fatigued":1,"malady":1},"forbidden":{}	},{	"id": "i2","label": "With" ,"required":{"beverage":1,"covenant":1,"restorative":1},"forbidden":{}	}],	 "aspects":{"difficulty.prentice":5,"difficulty.scholar":10,"difficulty.keeper":15 ,"mybed":1	},	"xtriggers":{"decamping":"library.bed.guest.servants4"},		"category": "Workstation"	},
      {	       "id": "library.bed.rest.severn",	"label": "My Bed: Severn Chamber",	"Desc": "For those who prefer their mattresses soft. [Add a Fatigued Soul card to nap, a Maladied soul card to cure it, or (once night has fallen) a Memory to dream on it.]",	"hints": ["grail","moon","rose","heart"],	"audio":"Bed",	"slots": [{	"id": "a","label": "Soul", "essential":{"ability": 1} ,"required":{"grail":1,"moon":1,"rose":1,"heart":1}	},{	"id": "s","label": "Skill", "essential":{"skill": 1} ,"required":{"grail":1,"moon":1,"rose":1,"heart":1}	},{	"id": "m","label": "Memory", "essential":{"memory": 1} ,"required":{"grail":1,"moon":1,"rose":1,"heart":1}	},{	"id": "i1","label": "Restore" ,"required":{"fatigued":1,"malady":1},"forbidden":{}	},{	"id": "i2","label": "With" ,"required":{"beverage":1,"covenant":1,"restorative":1},"forbidden":{}	}],	 "aspects":{"difficulty.prentice":5,"difficulty.scholar":10,"difficulty.keeper":15 ,"mybed":1	},	"xtriggers":{"decamping":"library.bed.guest.severn"},		"category": "Workstation"	},
      {	       "id": "library.bed.rest.solomon",	"label": "My Bed: Solomon",	"Desc": "Julian Coseley and Solomon Husher - both great sages of Winter - slept in this bed. Although not simultaneously. No-one, the story runs, has ever managed a serene night's sleep in it since. [Except you, apparently. Add a Fatigued Soul card to nap, a Maladied soul card to cure it, or (once night has fallen) a Memory to dream on it.]",	"hints": ["rose","lantern","winter","heart"],	"audio":"Bed",	"slots": [{	"id": "a","label": "Soul", "essential":{"ability": 1} ,"required":{"rose":1,"lantern":1,"winter":1,"heart":1}	},{	"id": "s","label": "Skill", "essential":{"skill": 1} ,"required":{"rose":1,"lantern":1,"winter":1,"heart":1}	},{	"id": "m","label": "Memory", "essential":{"memory": 1} ,"required":{"rose":1,"lantern":1,"winter":1,"heart":1}	},{	"id": "i1","label": "Restore" ,"required":{"fatigued":1,"malady":1},"forbidden":{}	},{	"id": "i2","label": "With" ,"required":{"beverage":1,"covenant":1,"restorative":1},"forbidden":{}	}],	 "aspects":{"difficulty.prentice":5,"difficulty.scholar":10,"difficulty.keeper":15 ,"mybed":1	},	"xtriggers":{"decamping":"library.bed.guest.solomon"},		"category": "Workstation"	},
      {	       "id": "library.bed.rest.violet",	"label": "My Bed: Violet Chamber",	"Desc": "Six generations of Dewulf heirs were born in this room. It would have been seven, but Hafren Waters had the ill grace to give birth to Baron Walter in (family legend has it) a cow-byre outside Kerisham. [Add a Fatigued Soul card to nap, a Maladied soul card to cure it, or (once night has fallen) a Memory to dream on it.]",	"hints": ["grail","knock","moth","heart"],	"audio":"Bed",	"slots": [{	"id": "a","label": "Soul", "essential":{"ability": 1} ,"required":{"grail":1,"knock":1,"moth":1,"heart":1}	},{	"id": "s","label": "Skill", "essential":{"skill": 1} ,"required":{"grail":1,"knock":1,"moth":1,"heart":1}	},{	"id": "m","label": "Memory", "essential":{"memory": 1} ,"required":{"grail":1,"knock":1,"moth":1,"heart":1}	},{	"id": "i1","label": "Restore" ,"required":{"fatigued":1,"malady":1},"forbidden":{}	},{	"id": "i2","label": "With" ,"required":{"beverage":1,"covenant":1,"restorative":1},"forbidden":{}	}],	 "aspects":{"difficulty.prentice":5,"difficulty.scholar":10,"difficulty.keeper":15 ,"mybed":1	},	"xtriggers":{"decamping":"library.bed.guest.violet"},		"category": "Workstation"	},
      {	       "id": "library.cage",	"label": "Cage",	"Desc": "Valentine Dewulf put his only friends in cages. Did he close the cage doors?",	"hints": ["moth","moon","knock","scale"],	"audio":"BigCage",	"slots": [{	"id": "a","label": "Soul", "essential":{"ability": 1} ,"required":{"moth":1,"moon":1,"knock":1,"scale":1}	},{	"id": "s","label": "Skill", "essential":{"skill": 1} ,"required":{"moth":1,"moon":1,"knock":1,"scale":1}	},{	"id": "m","label": "Memory", "essential":{"memory": 1} ,"required":{"moth":1,"moon":1,"knock":1,"scale":1}	},{	"id": "i1","label": "Restore" ,"required":{"cooperative":1,"beverage":1,"sustenance":1},"forbidden":{"fatigued":1}	},{	"id": "i2","label": "With" ,"required":{"cooperative":1,"beverage":1,"sustenance":1},"forbidden":{"fatigued":1}	}],	 "aspects":{"difficulty.prentice":5,"difficulty.scholar":10,"difficulty.keeper":15	},		"ambits":true,	"category": "Workstation"	},
      {	       "id": "library.chair.barber",	"label": "Barber's Chair",	"Desc": "No-one emerges unchanged from a barber's chair. Perhaps they'll just be a little bit more beautiful.",	"hints": ["heart","grail","moth"],	"audio":"SnipSnip",	"slots": [{	"id": "a","label": "Soul", "essential":{"ability": 1} ,"required":{"heart":1,"grail":1,"moth":1}	},{	"id": "s","label": "Skill", "essential":{"skill": 1} ,"required":{"heart":1,"grail":1,"moth":1}	},{	"id": "m","label": "Memory", "essential":{"memory": 1} ,"required":{"heart":1,"grail":1,"moth":1}	},{	"id": "i1","label": "Regret" ,"required":{"ability":1},"forbidden":{"fatigued":1}	},{	"id": "i2","label": "Recall" ,"required":{"memory":1},"forbidden":{"fatigued":1}	}],	 "aspects":{"difficulty.prentice":5,"difficulty.scholar":10,"difficulty.keeper":15 ,"e.preservation":1	},		"ambits":true,	"category": "Workstation"	},
      {	       "id": "library.chrysalis",	"label": "Chrysalis",	"Desc": "Something might emerge, if it could only be assured of a hospitable History. Until that time, its dreams might be audible to one who presses an ear against its trembling, sky-scented warmth.",	"hints": ["nectar","heart","scale","moth"],	"audio":"Heartbeat",	"slots": [{	"id": "a","label": "Soul", "essential":{"ability": 1} ,"required":{"nectar":1,"heart":1,"scale":1,"moth":1}	},{	"id": "s","label": "Skill", "essential":{"skill": 1} ,"required":{"nectar":1,"heart":1,"scale":1,"moth":1}	},{	"id": "m","label": "Memory", "essential":{"memory": 1} ,"required":{"nectar":1,"heart":1,"scale":1,"moth":1}	},{	"id": "i1","label": "Dorsal" ,"required":{"liquid":1,"ability":1},"forbidden":{"fatigued":1}	},{	"id": "i2","label": "Ventral" ,"required":{"liquid":1,"memory":1},"forbidden":{"fatigued":1}	}],	 "aspects":{"difficulty.prentice":5,"difficulty.scholar":10,"difficulty.keeper":15 ,"e.bosk":1	},	"xtriggers":{"upgrading":"library.chrysalis.wisp"},	"ambits":true,	"category": "Workstation"	},
      {	       "id": "library.clock.great",	"label": "Great Clock",	"Desc": "Every flame has its fuel, and every tick has its tock.",	"hints": ["forge","knock","sky","winter"],	"audio":"CreakingGears",	"slots": [{	"id": "a","label": "Soul", "essential":{"ability": 1} ,"required":{"forge":1,"knock":1,"sky":1,"winter":1}	},{	"id": "s","label": "Skill", "essential":{"skill": 1} ,"required":{"forge":1,"knock":1,"sky":1,"winter":1}	},{	"id": "m","label": "Memory", "essential":{"memory": 1} ,"required":{"forge":1,"knock":1,"sky":1,"winter":1}	},{	"id": "i1","label": "Action" ,"required":{"ability":1,"omen":1},"forbidden":{"fatigued":1}	},{	"id": "i2","label": "Recollection" ,"required":{"memory":1},"forbidden":{"fatigued":1}	}],	 "aspects":{"difficulty.prentice":5,"difficulty.scholar":10,"difficulty.keeper":15 ,"e.horomachistry":1	},		"ambits":true,	"category": "Workstation"	},
      {	       "id": "library.condignator",	"label": "Condignator",	"Desc": "The terrible heart of the Governor's terrible project.",	"hints": ["edge","forge","knock","lantern"],	"audio":"CellDoor",	"slots": [{	"id": "a","label": "Soul", "essential":{"ability": 1} ,"required":{"edge":1,"forge":1,"knock":1,"lantern":1}	},{	"id": "s","label": "Skill", "essential":{"skill": 1} ,"required":{"edge":1,"forge":1,"knock":1,"lantern":1}	},{	"id": "m","label": "Memory", "essential":{"memory": 1} ,"required":{"edge":1,"forge":1,"knock":1,"lantern":1}	},{	"id": "i1","label": "Subject" ,"required":{"cooperative":1,"memory":1,"ability":1,"tool":1,"remains":1,"fuel":1},"forbidden":{"fatigued":1}	},{	"id": "i2","label": "Mode" ,"required":{"cooperative":1,"memory":1,"ability":1,"tool":1,"remains":1,"fuel":1},"forbidden":{"fatigued":1}	}],	 "aspects":{"difficulty.prentice":5,"difficulty.scholar":10,"difficulty.keeper":15 ,"e.skolekosophy":1	},		"ambits":true,	"category": "Workstation"	},
      {	       "id": "library.desk.ambrose.consider",	"label": "Desk: Ambrose",	"Desc": "Ambrose did most of his work downstairs in the foundry and kitchen, or upstairs in the laboratory that later became the Fludd Gallery, but it was at this desk that he composed 'The Temptations of Architecture' and wrote long cross letters to the Times about the flaws of the British constitution.",	"hints": ["forge","knock","lantern","sky"],	"audio":"DeskWooden",	"slots": [{	"id": "a","label": "Soul", "essential":{"ability": 1} ,"required":{"forge":1,"knock":1,"lantern":1,"sky":1}	},{	"id": "s","label": "Skill", "essential":{"skill": 1} ,"required":{"forge":1,"knock":1,"lantern":1,"sky":1}	},{	"id": "m","label": "Memory", "essential":{"memory": 1} ,"required":{"forge":1,"knock":1,"lantern":1,"sky":1}	},{	"id": "i1","label": "Papers" ,"required":{"readable":1,"blank":1},"forbidden":{"record.phonograph":1,"film":1}	},{	"id": "i2","label": "With" ,"required":{"ink":1,"tool":1},"forbidden":{"fatigued":1}	}],	 "aspects":{"difficulty.prentice":5,"difficulty.scholar":10,"difficulty.keeper":15	},		"ambits":true,	"category": "Workstation"	},
      {	       "id": "library.desk.eva.consider",	"label": "Desk: Eva",	"Desc": "A magnificent eighteenth-century secretary desk commissioned for Lady Eva Dewulf, last of the Brancrug Dewulfs.",	"hints": ["edge","grail","moon","winter"],	"audio":"DeskWooden",	"slots": [{	"id": "a","label": "Soul", "essential":{"ability": 1} ,"required":{"edge":1,"grail":1,"moon":1,"winter":1}	},{	"id": "s","label": "Skill", "essential":{"skill": 1} ,"required":{"edge":1,"grail":1,"moon":1,"winter":1}	},{	"id": "m","label": "Memory", "essential":{"memory": 1} ,"required":{"edge":1,"grail":1,"moon":1,"winter":1}	},{	"id": "i1","label": "Papers" ,"required":{"readable":1,"blank":1},"forbidden":{"record.phonograph":1,"film":1}	},{	"id": "i2","label": "With" ,"required":{"ink":1,"tool":1},"forbidden":{"fatigued":1}	}],	 "aspects":{"difficulty.prentice":5,"difficulty.scholar":10,"difficulty.keeper":15	},		"ambits":true,	"category": "Workstation"	},
      {	       "id": "library.desk.governor.consider",	"label": "Desk: Governor",	"Desc": "A desk as severe and as practical as Collers himself.",	"hints": ["lantern","edge","moth","forge"],	"audio":"DeskWooden",	"slots": [{	"id": "a","label": "Soul", "essential":{"ability": 1} ,"required":{"lantern":1,"edge":1,"moth":1,"forge":1}	},{	"id": "s","label": "Skill", "essential":{"skill": 1} ,"required":{"lantern":1,"edge":1,"moth":1,"forge":1}	},{	"id": "m","label": "Memory", "essential":{"memory": 1} ,"required":{"lantern":1,"edge":1,"moth":1,"forge":1}	},{	"id": "i1","label": "Papers" ,"required":{"readable":1,"blank":1},"forbidden":{"record.phonograph":1,"film":1}	},{	"id": "i2","label": "With" ,"required":{"ink":1,"tool":1},"forbidden":{"fatigued":1}	}],	 "aspects":{"difficulty.prentice":5,"difficulty.scholar":10,"difficulty.keeper":15	},		"ambits":true,	"category": "Workstation"	},
      {	       "id": "library.desk.natan.consider",	"label": "Desk: Natan",	"Desc": "It's an apothecary's desk, all right, but it dates from at least a hundred years after Natan of Regensburg came here. Of course his son, his grandson, and his great-grand-son were all Natans too…",	"hints": ["heart","knock","rose","moth"],	"audio":"DeskWooden",	"slots": [{	"id": "a","label": "Soul", "essential":{"ability": 1} ,"required":{"heart":1,"knock":1,"rose":1,"moth":1}	},{	"id": "s","label": "Skill", "essential":{"skill": 1} ,"required":{"heart":1,"knock":1,"rose":1,"moth":1}	},{	"id": "m","label": "Memory", "essential":{"memory": 1} ,"required":{"heart":1,"knock":1,"rose":1,"moth":1}	},{	"id": "i1","label": "Papers" ,"required":{"readable":1,"blank":1},"forbidden":{"record.phonograph":1,"film":1}	},{	"id": "i2","label": "With" ,"required":{"ink":1,"tool":1},"forbidden":{"fatigued":1}	}],	 "aspects":{"difficulty.prentice":5,"difficulty.scholar":10,"difficulty.keeper":15	},		"ambits":true,	"category": "Workstation"	},
      {	       "id": "library.desk.nonna.consider",	"label": "Desk: Nonna",	"Desc": "Abbess Nonna, apothecary, scholar, dancer.",	"hints": ["lantern","grail","nectar","heart"],	"audio":"DeskWooden",	"slots": [{	"id": "a","label": "Soul", "essential":{"ability": 1} ,"required":{"lantern":1,"grail":1,"nectar":1,"heart":1}	},{	"id": "s","label": "Skill", "essential":{"skill": 1} ,"required":{"lantern":1,"grail":1,"nectar":1,"heart":1}	},{	"id": "m","label": "Memory", "essential":{"memory": 1} ,"required":{"lantern":1,"grail":1,"nectar":1,"heart":1}	},{	"id": "i1","label": "Papers" ,"required":{"readable":1,"blank":1},"forbidden":{"record.phonograph":1,"film":1}	},{	"id": "i2","label": "With" ,"required":{"ink":1,"tool":1},"forbidden":{"fatigued":1}	}],	 "aspects":{"difficulty.prentice":5,"difficulty.scholar":10,"difficulty.keeper":15	},		"ambits":true,	"category": "Workstation"	},
      {	       "id": "library.desk.pale.consider",	"label": "Desk: Pale",	"Desc": "Solomon Husher himself commissioned this from Lockwood Fen bog-yew, blackened and half-fossilised by centuries underwater. Here at this desk he wrote his doomy allegory of Winter and its romance with the sun. When he blotted the last word on his manuscript and rose from his work, the timber had turned pale as fresh-cut maple. Or so the story goes.",	"hints": ["lantern","scale","sky","winter"],	"audio":"DeskWooden",	"slots": [{	"id": "a","label": "Soul", "essential":{"ability": 1} ,"required":{"lantern":1,"scale":1,"sky":1,"winter":1}	},{	"id": "s","label": "Skill", "essential":{"skill": 1} ,"required":{"lantern":1,"scale":1,"sky":1,"winter":1}	},{	"id": "m","label": "Memory", "essential":{"memory": 1} ,"required":{"lantern":1,"scale":1,"sky":1,"winter":1}	},{	"id": "i1","label": "Papers" ,"required":{"readable":1,"blank":1},"forbidden":{"record.phonograph":1,"film":1}	},{	"id": "i2","label": "With" ,"required":{"ink":1,"tool":1},"forbidden":{"fatigued":1}	}],	 "aspects":{"difficulty.prentice":5,"difficulty.scholar":10,"difficulty.keeper":15	},		"ambits":true,	"category": "Workstation"	},
      {	       "id": "library.desk.reading.consider",	"label": "Desk: Reading Room",	"Desc": "The bookwheel is a Dewulf heirloom - a gift to Eva Dewulf from her admirer, the adept Franklin Bancroft. The desk and lectern are much more recent. Steel plaques on both read 'TO GERVINUS VAN LAUREN - IN GRATITUDE FOR HIS ASSISTANCE IN THE CLOSING OF THE WINDING STAIR - E. ABNEY-HASTINGS, NOCTURNAL SECRETARY, 1928'",	"hints": ["heart","lantern","moon","sky"],	"audio":"DeskWooden",	"slots": [{	"id": "a","label": "Soul", "essential":{"ability": 1} ,"required":{"heart":1,"lantern":1,"moon":1,"sky":1}	},{	"id": "s","label": "Skill", "essential":{"skill": 1} ,"required":{"heart":1,"lantern":1,"moon":1,"sky":1}	},{	"id": "m","label": "Memory", "essential":{"memory": 1} ,"required":{"heart":1,"lantern":1,"moon":1,"sky":1}	},{	"id": "i1","label": "Papers" ,"required":{"readable":1,"blank":1},"forbidden":{"record.phonograph":1,"film":1}	},{	"id": "i2","label": "With" ,"required":{"ink":1,"tool":1},"forbidden":{"fatigued":1}	}],	 "aspects":{"difficulty.prentice":5,"difficulty.scholar":10,"difficulty.keeper":15	},		"ambits":true,	"category": "Workstation"	},
      {	       "id": "library.desk.vagabond.consider",	"label": "Desk: Vagabond",	"Desc": "An elegant relic, repurposed by Greene for his small and secret war.",	"hints": ["edge","knock","rose","scale"],	"audio":"DeskWooden",	"slots": [{	"id": "a","label": "Soul", "essential":{"ability": 1} ,"required":{"edge":1,"knock":1,"rose":1,"scale":1}	},{	"id": "s","label": "Skill", "essential":{"skill": 1} ,"required":{"edge":1,"knock":1,"rose":1,"scale":1}	},{	"id": "m","label": "Memory", "essential":{"memory": 1} ,"required":{"edge":1,"knock":1,"rose":1,"scale":1}	},{	"id": "i1","label": "Papers" ,"required":{"readable":1,"blank":1},"forbidden":{"record.phonograph":1,"film":1}	},{	"id": "i2","label": "With" ,"required":{"ink":1,"tool":1},"forbidden":{"fatigued":1}	}],	 "aspects":{"difficulty.prentice":5,"difficulty.scholar":10,"difficulty.keeper":15	},		"ambits":true,	"category": "Workstation"	},
      {	       "id": "library.dispensary",	"label": "Dispensary",	"Desc": "A well-appointed laboratory for a scholar of unconventional therapies.",	"hints": ["nectar","knock","moth","heart"],	"audio":"DeskWooden",	"slots": [{	"id": "a","label": "Soul", "essential":{"ability": 1} ,"required":{"nectar":1,"knock":1,"moth":1,"heart":1}	},{	"id": "s","label": "Skill", "essential":{"skill": 1} ,"required":{"nectar":1,"knock":1,"moth":1,"heart":1}	},{	"id": "m","label": "Memory", "essential":{"memory": 1} ,"required":{"nectar":1,"knock":1,"moth":1,"heart":1}	},{	"id": "i1","label": "Matter" ,"required":{"flower":1,"remains":1},"forbidden":{"fatigued":1}	},{	"id": "i2","label": "Substance" ,"required":{"liquid":1,"remains":1,"fuel":1},"forbidden":{"fatigued":1}	}],	 "aspects":{"difficulty.prentice":5,"difficulty.scholar":10,"difficulty.keeper":15	},		"ambits":true,	"category": "Workstation"	},
      {	       "id": "library.duelhall",	"label": "Practice Equipment",	"Desc": "Still the best place in the House to get hurt.",	"hints": ["edge","scale","lantern","heart"],	"audio":"Metallic",	"slots": [{	"id": "a","label": "Soul", "essential":{"ability": 1} ,"required":{"edge":1,"scale":1,"lantern":1,"heart":1}	},{	"id": "s","label": "Skill", "essential":{"skill": 1} ,"required":{"edge":1,"scale":1,"lantern":1,"heart":1}	},{	"id": "m","label": "Memory", "essential":{"memory": 1} ,"required":{"edge":1,"scale":1,"lantern":1,"heart":1}	},{	"id": "i1","label": "Action" ,"required":{"ability":1},"forbidden":{"fatigued":1}	},{	"id": "i2","label": "Recollection" ,"required":{"memory":1},"forbidden":{"fatigued":1}	}],	 "aspects":{"difficulty.prentice":5,"difficulty.scholar":10,"difficulty.keeper":15 ,"e.illumination":1	},		"ambits":true,	"category": "Workstation"	},
      {	       "id": "library.foundry",	"label": "Foundry",	"Desc": "Even metal cannot resist these suasions.",	"hints": ["knock","edge","scale","forge"],	"audio":"Foundry",	"slots": [{	"id": "a","label": "Soul", "essential":{"ability": 1} ,"required":{"knock":1,"edge":1,"scale":1,"forge":1}	},{	"id": "s","label": "Skill", "essential":{"skill": 1} ,"required":{"knock":1,"edge":1,"scale":1,"forge":1}	},{	"id": "m","label": "Memory", "essential":{"memory": 1} ,"required":{"knock":1,"edge":1,"scale":1,"forge":1}	},{	"id": "i1","label": "Metal" ,"required":{"metal":1,"stone":1,"glass":1},"forbidden":{"fatigued":1}	},{	"id": "i2","label": "Fuel" ,"required":{"liquid":1,"fuel":1},"forbidden":{"fatigued":1}	}],	 "aspects":{"difficulty.prentice":5,"difficulty.scholar":10,"difficulty.keeper":15	},		"ambits":true,	"category": "Workstation"	},
      {	       "id": "library.glassware.alchemist",	"label": "Alchemist's Glassware",	"Desc": "Fragile vessels in which new substances are quickened.",	"hints": ["winter","lantern","grail","forge"],	"audio":"Glassware",	"slots": [{	"id": "a","label": "Soul", "essential":{"ability": 1} ,"required":{"winter":1,"lantern":1,"grail":1,"forge":1}	},{	"id": "s","label": "Skill", "essential":{"skill": 1} ,"required":{"winter":1,"lantern":1,"grail":1,"forge":1}	},{	"id": "m","label": "Memory", "essential":{"memory": 1} ,"required":{"winter":1,"lantern":1,"grail":1,"forge":1}	},{	"id": "i1","label": "Substance" ,"required":{"material":1,"root":1,"flower":1,"remains":1,"leaf":1},"forbidden":{"fatigued":1}	},{	"id": "i2","label": "Solution" ,"required":{"liquid":1,"fuel":1},"forbidden":{"fatigued":1}	}],	 "aspects":{"difficulty.prentice":5,"difficulty.scholar":10,"difficulty.keeper":15	},		"ambits":true,	"category": "Workstation"	},
      {	       "id": "library.instrument.bells",	"label": "Instrument: Bells",	"Desc": "'These are the sounds which may answer thunder.'",	"hints": ["sky","forge"],	"audio":"Bell",	"slots": [{	"id": "a","label": "Soul", "essential":{"ability": 1} ,"required":{"sky":1,"forge":1}	},{	"id": "s","label": "Skill", "essential":{"skill": 1} ,"required":{"sky":1,"forge":1}	},{	"id": "m","label": "Memory", "essential":{"memory": 1} ,"required":{"sky":1,"forge":1}	},{	"id": "i1","label": "Application" ,"required":{"ability":1,"omen":1,"sound":1},"forbidden":{"fatigued":1}	},{	"id": "i2","label": "Inspiration" ,"required":{"memory":1},"forbidden":{"fatigued":1}	}],	 "aspects":{"difficulty.prentice":5,"difficulty.scholar":10,"difficulty.keeper":15 ,"e.ithastry":1,"instrument":1	},		"ambits":true,	"category": "Workstation"	},
      {	       "id": "library.instrument.doublebass",	"label": "Instrument: Quivering Double Bass",	"Desc": "'The better it gets, the fewer of us know it.' - Ray Brown \n\n [This instrument is possessed of a restless energy.]",	"hints": ["sky","grail"],	"audio":"DoubleBass",	"slots": [{	"id": "a","label": "Soul", "essential":{"ability": 1} ,"required":{"sky":1,"grail":1}	},{	"id": "s","label": "Skill", "essential":{"skill": 1} ,"required":{"sky":1,"grail":1}	},{	"id": "m","label": "Memory", "essential":{"memory": 1} ,"required":{"sky":1,"grail":1}	},{	"id": "i1","label": "Application" ,"required":{"ability":1,"omen":1,"sound":1},"forbidden":{"fatigued":1}	},{	"id": "i2","label": "Inspiration" ,"required":{"memory":1},"forbidden":{"fatigued":1}	}],	 "aspects":{"difficulty.prentice":5,"difficulty.scholar":10,"difficulty.keeper":15 ,"e.birdsong":1,"instrument":1	},		"ambits":true,	"category": "Workstation"	},
      {	       "id": "library.instrument.drum",	"label": "Instrument: Hallowed Drum",	"Desc": "Celebrate the god of joy - with your own joy!' - The Bacchae \n\n [The skin of these drums was the skin of something rare.]",	"hints": ["sky","heart"],	"audio":"Drum",	"slots": [{	"id": "a","label": "Soul", "essential":{"ability": 1} ,"required":{"sky":1,"heart":1}	},{	"id": "s","label": "Skill", "essential":{"skill": 1} ,"required":{"sky":1,"heart":1}	},{	"id": "m","label": "Memory", "essential":{"memory": 1} ,"required":{"sky":1,"heart":1}	},{	"id": "i1","label": "Application" ,"required":{"ability":1,"omen":1,"sound":1},"forbidden":{"fatigued":1}	},{	"id": "i2","label": "Inspiration" ,"required":{"memory":1},"forbidden":{"fatigued":1}	}],	 "aspects":{"difficulty.prentice":5,"difficulty.scholar":10,"difficulty.keeper":15 ,"e.preservation":1,"instrument":1	},		"ambits":true,	"category": "Workstation"	},
      {	       "id": "library.instrument.harp",	"label": "Instrument: Sunset Harp",	"Desc": "'I have been a string in a harp; disguised for nine years in water, in the foam of the sea.' - The Battle of the Trees\n\n [This harp is strung with something that glimmers redly as waves at sunset.]",	"hints": ["sky","moon"],	"audio":"Harp",	"slots": [{	"id": "a","label": "Soul", "essential":{"ability": 1} ,"required":{"sky":1,"moon":1}	},{	"id": "s","label": "Skill", "essential":{"skill": 1} ,"required":{"sky":1,"moon":1}	},{	"id": "m","label": "Memory", "essential":{"memory": 1} ,"required":{"sky":1,"moon":1}	},{	"id": "i1","label": "Application" ,"required":{"ability":1,"omen":1,"sound":1},"forbidden":{"fatigued":1}	},{	"id": "i2","label": "Inspiration" ,"required":{"memory":1},"forbidden":{"fatigued":1}	}],	 "aspects":{"difficulty.prentice":5,"difficulty.scholar":10,"difficulty.keeper":15 ,"e.birdsong":1,"instrument":1	},		"ambits":true,	"category": "Workstation"	},
      {	       "id": "library.instrument.harp2",	"label": "Instrument: Hunter's Harp",	"Desc": "This was once strung with yeth-hound gut. Those strings must be long gone, but there's still an unusual savagery to the harp's notes.",	"hints": ["sky","scale"],	"audio":"Harp",	"slots": [{	"id": "a","label": "Soul", "essential":{"ability": 1} ,"required":{"sky":1,"scale":1}	},{	"id": "s","label": "Skill", "essential":{"skill": 1} ,"required":{"sky":1,"scale":1}	},{	"id": "m","label": "Memory", "essential":{"memory": 1} ,"required":{"sky":1,"scale":1}	},{	"id": "i1","label": "Application" ,"required":{"ability":1,"omen":1,"sound":1},"forbidden":{"fatigued":1}	},{	"id": "i2","label": "Inspiration" ,"required":{"memory":1},"forbidden":{"fatigued":1}	}],	 "aspects":{"difficulty.prentice":5,"difficulty.scholar":10,"difficulty.keeper":15 ,"e.nyctodromy":1,"instrument":1	},		"ambits":true,	"category": "Workstation"	},
      {	       "id": "library.instrument.organ",	"label": "Instrument: Organ",	"Desc": "'One must practice slowly, then more slowly, and finally slowly.'' - Camille Saint-Saens",	"hints": ["sky","forge"],	"audio":"Organ",	"slots": [{	"id": "a","label": "Soul", "essential":{"ability": 1} ,"required":{"sky":1,"forge":1}	},{	"id": "s","label": "Skill", "essential":{"skill": 1} ,"required":{"sky":1,"forge":1}	},{	"id": "m","label": "Memory", "essential":{"memory": 1} ,"required":{"sky":1,"forge":1}	},{	"id": "i1","label": "Application" ,"required":{"ability":1,"omen":1,"sound":1},"forbidden":{"fatigued":1}	},{	"id": "i2","label": "Inspiration" ,"required":{"memory":1},"forbidden":{"fatigued":1}	}],	 "aspects":{"difficulty.prentice":5,"difficulty.scholar":10,"difficulty.keeper":15 ,"instrument":1	},		"ambits":true,	"category": "Workstation"	},
      {	       "id": "library.instrument.piano.grand",	"label": "Instrument: Grand Piano",	"Desc": "'Simplicity is the final achievement. After one has played a vast quantity of notes and more notes, it is simplicity that emerges as the crowning reward of art.' - Fryderyk Chopin",	"hints": ["sky","rose"],	"audio":"GrandPiano",	"slots": [{	"id": "a","label": "Soul", "essential":{"ability": 1} ,"required":{"sky":1,"rose":1}	},{	"id": "s","label": "Skill", "essential":{"skill": 1} ,"required":{"sky":1,"rose":1}	},{	"id": "m","label": "Memory", "essential":{"memory": 1} ,"required":{"sky":1,"rose":1}	},{	"id": "i1","label": "Application" ,"required":{"ability":1,"omen":1,"sound":1},"forbidden":{"fatigued":1}	},{	"id": "i2","label": "Inspiration" ,"required":{"memory":1},"forbidden":{"fatigued":1}	}],	 "aspects":{"difficulty.prentice":5,"difficulty.scholar":10,"difficulty.keeper":15 ,"instrument":1	},		"ambits":true,	"category": "Workstation"	},
      {	       "id": "library.instrument.piano.servants",	"label": "Instrument: Piano",	"Desc": "A gift from Kitty Mazarine, who would sometimes pop by of an evening to sing. But her successor Solomon, never one for music, disliked the way its notes would drift up the stairs to the Reading Room, and forbade the staff to play their piano before sunset.",	"hints": ["sky","moth"],	"audio":"Piano",	"slots": [{	"id": "a","label": "Soul", "essential":{"ability": 1} ,"required":{"sky":1,"moth":1}	},{	"id": "s","label": "Skill", "essential":{"skill": 1} ,"required":{"sky":1,"moth":1}	},{	"id": "m","label": "Memory", "essential":{"memory": 1} ,"required":{"sky":1,"moth":1}	},{	"id": "i1","label": "Application" ,"required":{"ability":1,"omen":1,"sound":1},"forbidden":{"fatigued":1}	},{	"id": "i2","label": "Inspiration" ,"required":{"memory":1},"forbidden":{"fatigued":1}	}],	 "aspects":{"difficulty.prentice":5,"difficulty.scholar":10,"difficulty.keeper":15 ,"instrument":1	},		"ambits":true,	"category": "Workstation"	},
      {	       "id": "library.loom",	"label": "Loom",	"Desc": "'And there the golden threads they wove - and in the Moon's House, fast they tied them' - from the Lay of Helgi Hundingsbane",	"hints": ["heart","moth","nectar","rose"],	"audio":"Fabric",	"slots": [{	"id": "a","label": "Soul", "essential":{"ability": 1} ,"required":{"heart":1,"moth":1,"nectar":1,"rose":1}	},{	"id": "s","label": "Skill", "essential":{"skill": 1} ,"required":{"heart":1,"moth":1,"nectar":1,"rose":1}	},{	"id": "m","label": "Memory", "essential":{"memory": 1} ,"required":{"heart":1,"moth":1,"nectar":1,"rose":1}	},{	"id": "i1","label": "Warp" ,"required":{"fabric":1},"forbidden":{"fatigued":1}	},{	"id": "i2","label": "Weft" ,"required":{"fabric":1},"forbidden":{"fatigued":1}	}],	 "aspects":{"difficulty.prentice":5,"difficulty.scholar":10,"difficulty.keeper":15	},		"ambits":true,	"category": "Workstation"	},
      {	       "id": "library.mirrors",	"label": "Mirrors",	"Desc": "It was often said of Lady Eva, later, that she was always good with mirrors.",	"hints": ["grail","knock","winter","lantern"],	"audio":"Metallic",	"slots": [{	"id": "a","label": "Soul", "essential":{"ability": 1} ,"required":{"grail":1,"knock":1,"winter":1,"lantern":1}	},{	"id": "s","label": "Skill", "essential":{"skill": 1} ,"required":{"grail":1,"knock":1,"winter":1,"lantern":1}	},{	"id": "m","label": "Memory", "essential":{"memory": 1} ,"required":{"grail":1,"knock":1,"winter":1,"lantern":1}	},{	"id": "i1","label": "Sight" ,"required":{"ability":1,"light":1},"forbidden":{"fatigued":1}	},{	"id": "i2","label": "Reflection" ,"required":{"memory":1,"light":1},"forbidden":{"fatigued":1}	}],	 "aspects":{"difficulty.prentice":5,"difficulty.scholar":10,"difficulty.keeper":15 ,"e.nyctodromy":1	},		"ambits":true,	"category": "Workstation"	},
      {	       "id": "library.nocturnary",	"label": "Nocturnary",	"Desc": "Constructed by Thirza for her own murky purposes; maintained by the Suppression Bureau for its murkier ones; and available, now, for mine.",	"hints": ["winter","nectar","grail","moon"],	"audio":"SinisterLaugh",	"slots": [{	"id": "a","label": "Soul", "essential":{"ability": 1} ,"required":{"winter":1,"nectar":1,"grail":1,"moon":1}	},{	"id": "s","label": "Skill", "essential":{"skill": 1} ,"required":{"winter":1,"nectar":1,"grail":1,"moon":1}	},{	"id": "m","label": "Memory", "essential":{"memory": 1} ,"required":{"winter":1,"nectar":1,"grail":1,"moon":1}	},{	"id": "i1","label": "Substance" ,"required":{"ability":1,"wood":1,"omen":1,"pigment":1,"device":1},"forbidden":{"fatigued":1}	},{	"id": "i2","label": "Shadow" ,"required":{"memory":1,"remains":1,"omen":1,"liquid":1},"forbidden":{"fatigued":1}	}],	 "aspects":{"difficulty.prentice":5,"difficulty.scholar":10,"difficulty.keeper":15 ,"e.skolekosophy":1	},		"ambits":true,	"category": "Workstation"	},
      {	       "id": "library.oubliette",	"label": "Oubliette Containment",	"Desc": "Fire, iron, dusk, air, all wrenched into a configuration designed to confine something very dangerous. That something is long-gone, but the configuration still has its uses.",	"hints": ["winter","edge","lantern","forge"],	"audio":"SinisterGasp",	"slots": [{	"id": "a","label": "Soul", "essential":{"ability": 1} ,"required":{"winter":1,"edge":1,"lantern":1,"forge":1}	},{	"id": "s","label": "Skill", "essential":{"skill": 1} ,"required":{"winter":1,"edge":1,"lantern":1,"forge":1}	},{	"id": "m","label": "Memory", "essential":{"memory": 1} ,"required":{"winter":1,"edge":1,"lantern":1,"forge":1}	},{	"id": "i1","label": "+" ,"required":{"ability":1,"remains":1,"gem":1,"metal":1,"fuel":1},"forbidden":{"fatigued":1}	},{	"id": "i2","label": "+" ,"required":{"memory":1,"remains":1,"gem":1,"metal":1,"fuel":1},"forbidden":{"fatigued":1}	}],	 "aspects":{"difficulty.prentice":5,"difficulty.scholar":10,"difficulty.keeper":15 ,"e.ithastry":1	},		"ambits":true,	"category": "Workstation"	},
      {	       "id": "library.practic.dummy",	"label": "Practic Garden Dummy",	"Desc": "Since the Napoleonic War, he has been punched, thumped, stabbed and shot by amateurs, by professionals, and by tipsy guests after dinner. No wonder he looks so cross.",	"hints": ["edge","scale","heart","winter"],	"audio":"Bed",	"slots": [{	"id": "a","label": "Soul", "essential":{"ability": 1} ,"required":{"edge":1,"scale":1,"heart":1,"winter":1}	},{	"id": "s","label": "Skill", "essential":{"skill": 1} ,"required":{"edge":1,"scale":1,"heart":1,"winter":1}	},{	"id": "m","label": "Memory", "essential":{"memory": 1} ,"required":{"edge":1,"scale":1,"heart":1,"winter":1}	},{	"id": "i1","label": "+" ,"required":{"ability":1},"forbidden":{"fatigued":1}	},{	"id": "i2","label": "+" ,"required":{"memory":1},"forbidden":{"fatigued":1}	}],	 "aspects":{"difficulty.prentice":5,"difficulty.scholar":10,"difficulty.keeper":15 ,"e.illumination":1	},		"ambits":true,	"category": "Workstation"	},
      {	       "id": "library.phonograph.consider",	"label": "Governor's Phonograph",	"Desc": "Collers generally preferred his devices to be as gleamingly modern as possible, but he preferred phonograph cylinders over the newer gramophone records. The cylinder, like the records, exemplified ingenuity and reliably repeated the desired sounds, but they also could be consigned neatly to a cubbyhole without causing any sort of fuss.",	"hints": ["rose","scale","heart","sky"],	"audio":"Phonograph",	"slots": [{	"id": "a","label": "Soul", "essential":{"ability": 1} ,"required":{"rose":1,"scale":1,"heart":1,"sky":1}	},{	"id": "s","label": "Skill", "essential":{"skill": 1} ,"required":{"rose":1,"scale":1,"heart":1,"sky":1}	},{	"id": "m","label": "Memory", "essential":{"memory": 1} ,"required":{"rose":1,"scale":1,"heart":1,"sky":1}	},{	"id": "i1","label": "Record" ,"required":{"record.phonograph":1},"forbidden":{}	},{	"id": "i2","label": "+" ,"required":{"memory":1},"forbidden":{"fatigued":1}	}],	 "aspects":{"difficulty.prentice":5,"difficulty.scholar":10,"difficulty.keeper":15	},		"ambits":true,	"category": "Workstation"	},
      {	       "id": "library.phonograph.severn.consider",	"label": "Thirza's Phonograph",	"Desc": "Thirza Blake invited a nameless friend (or according to Brancrug tradition, her sister) to Hush House to recover from an illness. Thirza was uncharacteristically secretive about the whole business, perhaps because her own solicitude embarrassed her. She cooked her guest's meals herself; read to her in the afternoons; and purchased this phonograph so her guest could listen to Viennese opera.",	"hints": ["knock","moon","heart","sky"],	"audio":"Phonograph",	"slots": [{	"id": "a","label": "Soul", "essential":{"ability": 1} ,"required":{"knock":1,"moon":1,"heart":1,"sky":1}	},{	"id": "s","label": "Skill", "essential":{"skill": 1} ,"required":{"knock":1,"moon":1,"heart":1,"sky":1}	},{	"id": "m","label": "Memory", "essential":{"memory": 1} ,"required":{"knock":1,"moon":1,"heart":1,"sky":1}	},{	"id": "i1","label": "Record" ,"required":{"record.phonograph":1},"forbidden":{}	},{	"id": "i2","label": "+" ,"required":{"memory":1},"forbidden":{"fatigued":1}	}],	 "aspects":{"difficulty.prentice":5,"difficulty.scholar":10,"difficulty.keeper":15	},		"ambits":true,	"category": "Workstation"	},
      {	       "id": "library.projector.consider",	"label": "Projector",	"Desc": "Governor Collers had this installed in the 20s, as a treat for prisoners allowed to recover in the infirmary. Or so he said. Rumour had it he was a secret Keaton fan, and didn't want to motor all the way up to Exeter to see the latest feature.",	"hints": ["lantern","forge","grail","sky","edge","moon"],	"audio":"Projector",	"slots": [{	"id": "a","label": "Soul", "essential":{"ability": 1} ,"required":{"lantern":1,"forge":1,"grail":1,"sky":1}	},{	"id": "s","label": "Skill", "essential":{"skill": 1} ,"required":{"lantern":1,"forge":1,"grail":1,"sky":1}	},{	"id": "m","label": "Memory", "essential":{"memory": 1} ,"required":{"lantern":1,"forge":1,"grail":1,"sky":1}	},{	"id": "i1","label": "Film" ,"required":{"film":1},"forbidden":{}	},{	"id": "i2","label": "+" ,"required":{"memory":1},"forbidden":{"fatigued":1}	}],	 "aspects":{"difficulty.prentice":5,"difficulty.scholar":10,"difficulty.keeper":15	},		"ambits":true,	"category": "Workstation"	},
      {	       "id": "library.prospect.loggia",	"label": "Loggia Prospect",	"Desc": "Take counsel with the seas.",	"hints": ["moon","rose"],	"audio":"WindGust",	"slots": [{	"id": "a","label": "Soul", "essential":{"ability": 1} ,"required":{"moon":1,"rose":1}	},{	"id": "s","label": "Skill", "essential":{"skill": 1} ,"required":{"moon":1,"rose":1}	},{	"id": "m","label": "Memory", "essential":{"memory": 1} ,"required":{"moon":1,"rose":1}	},{	"id": "i1","label": "+" ,"required":{"ability":1,"blank":1,"cooperative":1},"forbidden":{"fatigued":1}	},{	"id": "i2","label": "+" ,"required":{"memory":1,"pigment":1},"forbidden":{"fatigued":1}	}],	 "aspects":{"difficulty.prentice":5,"difficulty.scholar":10,"difficulty.keeper":15 ,"e.hushery":1	},		"ambits":true,	"category": "Workstation"	},
      {	       "id": "library.prospect.spire",	"label": "Spire Prospect",	"Desc": "Take counsel with the skies.",	"hints": ["moth","sky"],	"audio":"WindGust",	"slots": [{	"id": "a","label": "Soul", "essential":{"ability": 1} ,"required":{"moth":1,"sky":1}	},{	"id": "s","label": "Skill", "essential":{"skill": 1} ,"required":{"moth":1,"sky":1}	},{	"id": "m","label": "Memory", "essential":{"memory": 1} ,"required":{"moth":1,"sky":1}	},{	"id": "i1","label": "+" ,"required":{"ability":1,"blank":1,"cooperative":1},"forbidden":{"fatigued":1}	},{	"id": "i2","label": "+" ,"required":{"memory":1,"pigment":1},"forbidden":{"fatigued":1}	}],	 "aspects":{"difficulty.prentice":5,"difficulty.scholar":10,"difficulty.keeper":15 ,"e.hushery":1	},		"ambits":true,	"category": "Workstation"	},
      {	       "id": "library.prospect.towertop",	"label": "Tower-Top Prospect",	"Desc": "Remember what has passed.",	"hints": ["sky","winter"],	"audio":"WindGust",	"slots": [{	"id": "a","label": "Soul", "essential":{"ability": 1} ,"required":{"sky":1,"winter":1}	},{	"id": "s","label": "Skill", "essential":{"skill": 1} ,"required":{"sky":1,"winter":1}	},{	"id": "m","label": "Memory", "essential":{"memory": 1} ,"required":{"sky":1,"winter":1}	},{	"id": "i1","label": "+" ,"required":{"ability":1,"blank":1,"cooperative":1},"forbidden":{"fatigued":1}	},{	"id": "i2","label": "+" ,"required":{"memory":1,"pigment":1},"forbidden":{"fatigued":1}	}],	 "aspects":{"difficulty.prentice":5,"difficulty.scholar":10,"difficulty.keeper":15 ,"e.hushery":1	},		"ambits":true,	"category": "Workstation"	},
      {	       "id": "library.rowenarium",	"label": "Rowenarium",	"Desc": "Rowena the Ligeian, protectress of the House, holds the Mare's Key of worm-stone, which opens the door to Nowhere. Now and then, she has lent it unwisely. But only once has she lent it to Ys.",	"hints": ["rose","winter","grail","moth"],	"audio":"Eerie",	"slots": [{	"id": "a","label": "Soul", "essential":{"ability": 1} ,"required":{"rose":1,"winter":1,"grail":1,"moth":1}	},{	"id": "s","label": "Skill", "essential":{"skill": 1} ,"required":{"rose":1,"winter":1,"grail":1,"moth":1}	},{	"id": "m","label": "Memory", "essential":{"memory": 1} ,"required":{"rose":1,"winter":1,"grail":1,"moth":1}	},{	"id": "i1","label": "+" ,"required":{"ability":1,"remains":1,"cooperative":1,"omen":1},"forbidden":{"fatigued":1}	},{	"id": "i2","label": "+" ,"required":{"memory":1,"pigment":1,"key":1,"remains":1},"forbidden":{"fatigued":1}	}],	 "aspects":{"difficulty.prentice":5,"difficulty.scholar":10,"difficulty.keeper":15 ,"e.skolekosophy":1	},	"xtriggers":{"upgrading.out":"library.rowenarium.spencer.out","upgrading.down":"library.rowenarium.spencer.down"},	"ambits":true,	"category": "Workstation"	},
      {	       "id": "library.sarcophagus.columbic",	"label": "Columbic Sarcophagus",	"Desc": "'Sarcophagus': the eater of flesh. No bones remain, but the marble is chilly with power.",	"hints": ["moth","winter"],	"audio":"Stone",	"slots": [{	"id": "a","label": "Soul", "essential":{"ability": 1} ,"required":{"moth":1,"winter":1}	},{	"id": "s","label": "Skill", "essential":{"skill": 1} ,"required":{"moth":1,"winter":1}	},{	"id": "m","label": "Memory", "essential":{"memory": 1} ,"required":{"moth":1,"winter":1}	},{	"id": "i1","label": "+" ,"required":{"ability":1,"remains":1,"omen":1,"hidden.mihail.sarcophagus":1},"forbidden":{"fatigued":1}	},{	"id": "i2","label": "+" ,"required":{"memory":1,"pigment":1,"remains":1,"hidden.mihail.sarcophagus":1},"forbidden":{"fatigued":1}	}],	 "aspects":{"difficulty.prentice":5,"difficulty.scholar":10,"difficulty.keeper":15 ,"e.hushery":1	},	"xtriggers":{"upgrading":"library.sarcophagus.columbic.mihail"},	"ambits":true,	"category": "Workstation"	},
      {	       "id": "library.spring",	"label": "Sacred Spring",	"Desc": "Here a pilgrim would bathe, make offerings, or drown, as they might prefer.",	"hints": ["nectar","grail","moon"],	"audio":"WaterDroplet",	"slots": [{	"id": "a","label": "Soul", "essential":{"ability": 1} ,"required":{"nectar":1,"grail":1,"moon":1}	},{	"id": "s","label": "Skill", "essential":{"skill": 1} ,"required":{"nectar":1,"grail":1,"moon":1}	},{	"id": "m","label": "Memory", "essential":{"memory": 1} ,"required":{"nectar":1,"grail":1,"moon":1}	},{	"id": "i1","label": "+" ,"required":{"ability":1,"remains":1,"omen":1},"forbidden":{"fatigued":1}	},{	"id": "i2","label": "+" ,"required":{"memory":1,"pigment":1,"remains":1},"forbidden":{"fatigued":1}	}],	 "aspects":{"difficulty.prentice":5,"difficulty.scholar":10,"difficulty.keeper":15	},		"ambits":true,	"category": "Workstation"	},
      {	       "id": "library.table.necropsy",	"label": "Necropsy Table",	"Desc": "A hygienic place for scrupulous examination of whatever might remain.",	"hints": ["scale","heart","knock","winter"],	"audio":"Ceramic",	"slots": [{	"id": "a","label": "Soul", "essential":{"ability": 1} ,"required":{"scale":1,"heart":1,"knock":1,"winter":1}	},{	"id": "s","label": "Skill", "essential":{"skill": 1} ,"required":{"scale":1,"heart":1,"knock":1,"winter":1}	},{	"id": "m","label": "Memory", "essential":{"memory": 1} ,"required":{"scale":1,"heart":1,"knock":1,"winter":1}	},{	"id": "i1","label": "+" ,"required":{"material":1,"remains":1,"tool":1,"carcass":1},"forbidden":{"fatigued":1}	},{	"id": "i2","label": "+" ,"required":{"material":1,"remains":1,"tool":1,"carcass":1},"forbidden":{"fatigued":1}	}],	 "aspects":{"difficulty.prentice":5,"difficulty.scholar":10,"difficulty.keeper":15	},		"ambits":true,	"category": "Workstation"	},
      {	       "id": "library.telescope",	"label": "Telescope",	"Desc": "The scholars of the House watched the courses of the stars to determine their pasts and understand their future.",	"hints": ["forge","moon","rose","sky"],	"audio":"Telescope",	"slots": [{	"id": "a","label": "Soul", "essential":{"ability": 1} ,"required":{"forge":1,"moon":1,"rose":1,"sky":1}	},{	"id": "s","label": "Skill", "essential":{"skill": 1} ,"required":{"forge":1,"moon":1,"rose":1,"sky":1}	},{	"id": "m","label": "Memory", "essential":{"memory": 1} ,"required":{"forge":1,"moon":1,"rose":1,"sky":1}	},{	"id": "i1","label": "+" ,"required":{"lens":1,"tool":1,"ability":1},"forbidden":{"fatigued":1}	},{	"id": "i2","label": "+" ,"required":{"lens":1,"memory":1,"tool":1},"forbidden":{"fatigued":1}	}],	 "aspects":{"difficulty.prentice":5,"difficulty.scholar":10,"difficulty.keeper":15 ,"e.horomachistry":1	},		"ambits":true,	"category": "Workstation"	},
      {	       "id": "library.workbench.gallery",	"label": "Windlit Workbench",	"Desc": "Labour quietly.",	"hints": ["forge","lantern","heart","knock"],	"audio":"DeskWooden",	"slots": [{	"id": "a","label": "Soul", "essential":{"ability": 1} ,"required":{"forge":1,"lantern":1,"heart":1,"knock":1}	},{	"id": "s","label": "Skill", "essential":{"skill": 1} ,"required":{"forge":1,"lantern":1,"heart":1,"knock":1}	},{	"id": "m","label": "Memory", "essential":{"memory": 1} ,"required":{"forge":1,"lantern":1,"heart":1,"knock":1}	},{	"id": "i1","label": "+" ,"required":{"wood":1,"remains":1,"tool":1,"wooden":1,"woven":1,"ductile":1},"forbidden":{"fatigued":1}	},{	"id": "i2","label": "+" ,"required":{"wood":1,"remains":1,"tool":1,"wooden":1,"ductile":1},"forbidden":{"fatigued":1}	}],	 "aspects":{"difficulty.prentice":5,"difficulty.scholar":10,"difficulty.keeper":15	},		"ambits":true,	"category": "Workstation"	},
      {	       "id": "library.workbench.governor",	"label": "Sculptor's Bench",	"Desc": "Labour seriously.",	"hints": ["forge","lantern","scale","knock"],	"audio":"DeskWooden",	"slots": [{	"id": "a","label": "Soul", "essential":{"ability": 1} ,"required":{"forge":1,"lantern":1,"scale":1,"knock":1}	},{	"id": "s","label": "Skill", "essential":{"skill": 1} ,"required":{"forge":1,"lantern":1,"scale":1,"knock":1}	},{	"id": "m","label": "Memory", "essential":{"memory": 1} ,"required":{"forge":1,"lantern":1,"scale":1,"knock":1}	},{	"id": "i1","label": "+" ,"required":{"stone":1,"remains":1,"tool":1,"wooden":1,"woven":1,"ductile":1},"forbidden":{"fatigued":1}	},{	"id": "i2","label": "+" ,"required":{"stone":1,"remains":1,"tool":1,"wooden":1,"ductile":1},"forbidden":{"fatigued":1}	}],	 "aspects":{"difficulty.prentice":5,"difficulty.scholar":10,"difficulty.keeper":15	},		"ambits":true,	"category": "Workstation"	},
      {	       "id": "library.workbench.gullscry",	"label": "Gullscry Workbench",	"Desc": "Labour solemnly.",	"hints": ["forge","sky","winter","knock"],	"audio":"DeskWooden",	"slots": [{	"id": "a","label": "Soul", "essential":{"ability": 1} ,"required":{"forge":1,"sky":1,"winter":1,"knock":1}	},{	"id": "s","label": "Skill", "essential":{"skill": 1} ,"required":{"forge":1,"sky":1,"winter":1,"knock":1}	},{	"id": "m","label": "Memory", "essential":{"memory": 1} ,"required":{"forge":1,"sky":1,"winter":1,"knock":1}	},{	"id": "i1","label": "+" ,"required":{"wood":1,"remains":1,"tool":1,"wooden":1,"woven":1,"ductile":1},"forbidden":{"fatigued":1}	},{	"id": "i2","label": "+" ,"required":{"wood":1,"remains":1,"tool":1,"wooden":1,"ductile":1},"forbidden":{"fatigued":1}	}],	 "aspects":{"difficulty.prentice":5,"difficulty.scholar":10,"difficulty.keeper":15	},		"ambits":true,	"category": "Workstation"	},
      {	       "id": "library.workbench.hermit",	"label": "Hermit's Workbench",	"Desc": "Labour in solitude.",	"hints": ["forge","sky","scale","moon"],	"audio":"DeskWooden",	"slots": [{	"id": "a","label": "Soul", "essential":{"ability": 1} ,"required":{"forge":1,"sky":1,"scale":1,"moon":1}	},{	"id": "s","label": "Skill", "essential":{"skill": 1} ,"required":{"forge":1,"sky":1,"scale":1,"moon":1}	},{	"id": "m","label": "Memory", "essential":{"memory": 1} ,"required":{"forge":1,"sky":1,"scale":1,"moon":1}	},{	"id": "i1","label": "+" ,"required":{"stone":1,"remains":1,"tool":1,"wooden":1,"woven":1,"ductile":1},"forbidden":{"fatigued":1}	},{	"id": "i2","label": "+" ,"required":{"stone":1,"remains":1,"tool":1,"wooden":1,"ductile":1},"forbidden":{"fatigued":1}	}],	 "aspects":{"difficulty.prentice":5,"difficulty.scholar":10,"difficulty.keeper":15	},		"ambits":true,	"category": "Workstation"	},
      {	       "id": "library.yard.exercise",	"label": "Exercise Yard",	"Desc": "The prisoners in the Cucurbit were permitted to grow neither too strong, nor too weak. Here they were subjected to an exacting regime which developed both their bodies and their souls, in accordance with the Governor's designs.",	"hints": ["winter","edge","heart","knock"],	"audio":"DeskWooden",	"slots": [{	"id": "a","label": "Soul", "essential":{"ability": 1} ,"required":{"winter":1,"edge":1,"heart":1,"knock":1}	},{	"id": "s","label": "Skill", "essential":{"skill": 1} ,"required":{"winter":1,"edge":1,"heart":1,"knock":1}	},{	"id": "m","label": "Memory", "essential":{"memory": 1} ,"required":{"winter":1,"edge":1,"heart":1,"knock":1}	},{	"id": "i1","label": "+" ,"required":{"ability":1},"forbidden":{"fatigued":1}	},{	"id": "i2","label": "+" ,"required":{"memory":1},"forbidden":{"fatigued":1}	}],	 "aspects":{"difficulty.prentice":5,"difficulty.scholar":10,"difficulty.keeper":15 ,"e.ithastry":1	},		"ambits":true,	"category": "Workstation"	},
      {	       "id": "library.corals.deeplight",	"label": "Deeplight Corals",	"Desc": "Where the wild few traffic with the tides.",	"hints": ["nectar","rose","scale","moon"],	"audio":"WaterDroplet",	"slots": [{	"id": "a","label": "Soul", "essential":{"ability": 1} ,"required":{"nectar":1,"rose":1,"scale":1,"moon":1}	},{	"id": "s","label": "Skill", "essential":{"skill": 1} ,"required":{"nectar":1,"rose":1,"scale":1,"moon":1}	},{	"id": "m","label": "Memory", "essential":{"memory": 1} ,"required":{"nectar":1,"rose":1,"scale":1,"moon":1}	},{	"id": "i1","label": "+" ,"required":{"ability":1},"forbidden":{"fatigued":1}	},{	"id": "i2","label": "+" ,"required":{"memory":1},"forbidden":{"fatigued":1}	}],	 "aspects":{"difficulty.prentice":5,"difficulty.scholar":10,"difficulty.keeper":15 ,"e.bosk":1	},		"ambits":true,	"category": "Workstation"	}
     
     
   ]
}